,,bcc,,,,,,,,,,,,,,,,,,resp,,,,,,,,,,,,,,,,,
Compound,Temperature,Px(NVT),sigmaPx,Py(NVT),sigmaPy,Pz(NVT),sigmaPz,Rho(NPT),sigmaRho,Epot(NPT),sigmaE,Epot(gas),sigmaE,DHsub,sigmaH,gzip_size,D,S0,RMSD,Px(NVT),sigmaPx,Py(NVT),sigmaPy,Pz(NVT),sigmaPz,Rho(NPT),sigmaRho,Epot(NPT),sigmaE,Epot(gas),sigmaE,DHsub,sigmaH,gzip_size,D,S0,RMSD
cyclopropane,75,1163.07,755.821,1689.3,422.561,2045.77,532.398,854.068,0.45883,32.0232,0.070035,55.5268,1.77118,22.2565,1.77256,162499,-0,0.976592,0.0149728,1439.22,631.526,2792.08,421.538,2893.52,472.421,860.23,0.391247,70.3423,0.0675632,94.3396,1.70527,22.7502,1.70661,162459,0,0.979434,0.013948
cyclopropane,85,1558.68,780.882,2099.33,502.65,2380,562.149,845.724,0.334443,33.0171,0.077038,55.8313,1.93954,21.4008,1.94107,163115,0,0.966562,0.0314318,1890.63,603.262,3325.57,397.682,3401.24,449.853,851.77,0.605352,71.3341,0.0783622,95.139,1.99671,22.3915,1.99825,163102,0,0.973175,0.0181972
cyclopropane,94,1607.78,748.709,2290.86,491.305,2585.11,580.144,838.467,0.736507,33.9364,0.0860426,56.746,2.20123,21.2465,2.20291,163667,0.0002,0.939372,0.0899623,1744.42,727.629,3191.89,502.468,3241.56,553.666,845.927,0.668556,72.2134,0.0859104,95.5774,2.1413,21.8009,2.14302,163313,0,0.968785,0.0336674
cyclopropane,95,2047.32,765.637,2776.48,538.372,3016.53,591.005,835.184,0.854622,34.0881,0.0866646,56.6426,2.11545,20.9748,2.11722,163523,0.0005,0.889664,0.118623,2409.29,648.667,3993.8,524.623,4021.61,562.183,844.072,0.819204,72.3366,0.0866834,95.5364,2.15788,21.6201,2.15962,163465,0,0.965359,0.0450983
cyclopropane,105,2785.1,769.019,3668.63,621.086,3823.14,661.877,771.859,1.16573,37.6149,0.0979727,57.1418,2.37501,17.7809,2.37703,164464,0.0001,0.000119222,0.142313,2732,701.036,4460.64,542.65,4447.1,611.859,835.191,0.820281,73.3854,0.0973997,96.2957,2.41003,21.1643,2.412,163674,0.0005,0.893622,0.116854
cyclopropane,108,2890.56,797.063,3922.67,685.277,4053.03,724.528,768.937,0.978211,37.9346,0.096292,57.3582,2.4568,17.6277,2.45869,164534,0,0.000493812,0.142551,2841.5,720.605,4584.31,607.897,4547.54,647.137,831.302,0.742877,73.7386,0.100761,96.4776,2.45777,20.9431,2.45983,164162,0.001,0.815521,0.133126
cyclopropane,115,3445.17,848.341,4596.12,751.487,4667.13,789.78,761.101,1.06727,38.6876,0.101435,57.84,2.54364,17.2401,2.54566,164981,0.0001,-0.00100623,0.142715,3450.21,723.154,5385.36,528.849,5281.83,567.736,813.676,15.9465,75.102,0.919987,97.0602,2.63916,20.0459,2.79491,164698,0.0042,0.000317824,0.142597
cyclopropane,117,3565.75,873.343,4644.55,722.731,4700.13,726.687,760.195,0.862921,38.8808,0.103071,58.0894,2.69767,17.2631,2.69964,164887,0,-0.000305729,0.142526,3378.13,748.885,5304.35,579.286,5208.99,617.327,763.097,1.35247,77.5776,0.108304,96.8734,2.69462,17.3503,2.6968,164807,0.0001,2.15569e-06,0.142707
cyclopropane,125,3957.05,906.46,5344.99,808.025,5348.17,804.001,735.98,1.32325,40.2372,0.111856,58.306,2.83202,15.9903,2.83423,165964,0.6394,-0.000558124,0.142408,3923.75,717.952,5913.28,550.872,5772.48,617.172,754.764,1.3969,78.4297,0.113118,97.7189,2.85039,17.2107,2.85263,165074,0,-8.77046e-05,0.14257
cyclopropane,135,4652.16,845.082,6269.52,755.009,6233.36,782.045,721.671,1.16806,41.39,0.118551,59.2208,3.19782,15.586,3.20002,166164,0.8975,0.000142934,0.14271,4410.01,738.794,6628.69,539.994,6440.26,614.798,723.193,1.50903,80.2132,0.122841,98.1414,3.07741,15.6834,3.07986,166361,0.8343,-1.94611e-05,0.14279
cyclopropane,145,5238.4,870.354,6924.29,662.842,6809.22,722.825,708.141,1.08097,42.5205,0.12505,59.8768,3.27659,14.9452,3.27898,166655,1.1867,3.43713e-05,0.142498,4834.67,784.32,7077.9,512.37,6861.88,593.798,710.529,1.19548,81.337,0.127007,98.8937,3.32357,15.1456,3.326,166588,1.117,0.000181457,0.142687
cyclopropane,155,5714.25,777.098,7497.91,585.679,7354.12,641.16,693.797,1.58474,43.6549,0.137005,60.3773,3.48092,14.145,3.48362,166600,1.4932,-9.27345e-05,0.142557,5141.94,710.458,7499.85,517.207,7262.27,578.747,695.023,1.63615,82.5041,0.135512,99.4588,3.55886,14.3773,3.56144,166863,1.5595,-0.000136527,0.142521
cyclopropane,165,6132.85,864.372,8017.14,535.031,7843.17,631.719,678.01,1.33451,44.8087,0.141306,60.9851,3.80713,13.4327,3.80975,166938,1.9742,3.88623e-05,0.142671,5393.94,796.359,7818.89,515.492,7533.6,592.615,680.269,1.23553,83.6518,0.1429,100.207,3.78665,13.8115,3.78935,166878,1.9875,-3.01198e-05,0.142785
cyclopropane,175,6412.69,874.379,8516.05,552.632,8319.88,639.649,663.965,1.34672,45.9197,0.149198,61.5681,3.99277,12.7384,3.99556,167145,2.4772,6.30938e-05,0.142679,5890.66,808.675,8345.88,610.522,8077.36,646.223,664.404,1.69992,84.8105,0.151234,100.663,4.02016,12.9425,4.023,167280,2.3864,-2.83832e-05,0.142647
ethyne,131,-4374.35,676.31,-4394.65,675.869,-4381.79,681.295,773.728,6.09596,-14.7069,0.191892,12.7356,3.12143,25.2642,3.12732,118511,0.0004,0.756004,0.0492706,-7418.64,871.243,-7410.95,870.671,-7418.88,878.989,826.531,4.45856,-7.5206,0.0886381,28.9456,3.13803,34.2879,3.13928,118163,0,0.976318,0.0103145
ethyne,142,-5216.75,16660.8,-5219.17,16674.5,-5204.51,16675.2,830.628,0.0115387,-15.0355,0.0709247,13.1287,3.48151,25.803,3.48223,113979,0,0.998425,0.00295423,-7082.52,9504.39,-7074.87,9505.82,-7077.76,9476.85,858.629,1.23077,-7.30874,0.071517,29.2971,3.4617,34.2446,3.46244,114057,0,0.99845,0.00294022
ethyne,152,-5466.89,17395,-5469.12,17382.3,-5458.84,17382.7,830.631,0.00494149,-14.6174,0.077345,13.3821,3.67251,25.472,3.67332,113947,0,0.998383,0.00296406,-6851.38,11297.8,-6833.82,11291.5,-6845.53,11278.1,809.574,2.06778,-6.35763,0.0871853,29.5407,3.70126,33.3708,3.70229,118752,0,0.96594,0.0121425
ethyne,162,-5077.02,6030.22,-5086.8,6017.06,-5080.87,6027.49,830.614,0.0139591,-14.2027,0.0812771,13.6438,3.8727,25.1527,3.87355,114167,0,0.998306,0.00300104,-6474.09,3266.84,-6458.51,3267,-6470.52,3263.61,804.31,0.399701,-5.82836,0.0821144,29.8209,3.81578,32.9555,3.81666,118960,0,0.962782,0.0126989
ethyne,172,-4865.19,2977.11,-4894.62,2982.54,-4881.19,2978.23,830.614,0.00782883,-13.7899,0.0870553,13.8664,4.17849,24.7962,4.1794,114246,0,0.998244,0.00302318,-6806.53,1379.32,-6819.4,1394.19,-6807.08,1384.91,800.62,0.854608,-5.32258,0.0899346,30.1041,4.10428,32.5666,4.10527,119248,0,0.959961,0.0131185
ethyne,182,-4793.25,1773.49,-4789.65,1750.83,-4781,1739.56,830.585,0.00759793,-13.3733,0.0916858,14.1547,4.38725,24.5016,4.38821,114388,0,0.998174,0.00304837,-6368.84,1304.79,-6375.35,1305.18,-6335.55,1282.62,796.601,0.417645,-4.80653,0.0905085,30.258,4.34259,32.0382,4.34353,119336,0,0.956022,0.0137463
ethyne,188,-4724.33,2181.42,-4740.82,2191.41,-4707.34,2168.97,830.598,0.0173807,-13.1205,0.0930239,14.4497,4.43715,24.4441,4.43813,114480,0,0.998148,0.00305888,-6231.65,1604.68,-6244.21,1563.55,-6248.57,1572.36,793.423,0.699639,-4.47138,0.0960906,30.6332,4.56927,31.9785,4.57028,119510,-0,0.952206,0.0143624
ethyne,192,-4753.59,1567.5,-4745.94,1574.7,-4752.73,1574.53,830.577,0.017941,-12.9543,0.0966743,14.5946,4.6865,24.3563,4.6875,114607,0,0.998122,0.00306683,-6404.28,738.275,-6407.52,760.008,-6430.95,768.008,791.919,0.752838,-4.26428,0.098874,30.7431,4.66796,31.8147,4.66901,119461,0,0.952174,0.0143791
ethyne,209,-4930.73,1947.1,-4903.99,1938.38,-4908.21,1946.48,830.554,0.00857076,-12.2495,0.106641,15.0618,5.09213,23.836,5.09325,114710,0,0.997986,0.00313541,-6562.24,1414.89,-6569.84,1422.7,-6575.95,1396.63,784.663,0.392032,-3.34152,0.104345,31.1373,4.99314,31.0035,4.99423,119788,0,0.943442,0.0165593
ethyne,227,-4832.12,1399.26,-4838.79,1390.52,-4841.94,1398.23,830.528,0.0145775,-11.4983,0.11847,15.5262,5.4977,23.2499,5.49898,115028,0,0.997858,0.00318531,-6079.33,1161.47,-6099.7,1139.84,-6067.37,1123.77,776.482,0.858903,-2.32763,0.119853,31.8043,5.51836,30.3573,5.51966,119899,0,0.931964,0.0271969
furan,98,-1470.64,442.238,-1498.42,453.817,-1467.74,467.123,1209.66,0.631174,9.77503,0.0865779,49.175,2.43148,37.7704,2.43302,198490,0.0003,0.930018,0.157085,-429.407,112.035,-2810.59,642.87,-2781.82,548.273,1226.04,0.519726,5.43805,0.0868502,45.8861,2.35571,38.8185,2.35731,198419,0.0001,0.967902,0.100615
furan,108,3.39194,128.442,-2085.27,688.652,-3116.51,594.078,1226.94,0.419159,8.92062,0.0940398,49.9421,2.6687,39.2256,2.67036,198639,0,0.979667,0.0961502,-717.708,439.212,-980.286,511.937,-1034.41,493.68,1200.95,1.09621,8.49399,0.108785,46.4657,2.60034,36.1759,2.60261,198966,0.002,0.719021,0.172456
furan,118,-708.172,499.031,-731.025,502.777,-745.023,516.014,1195.56,0.94998,12.0138,0.11518,50.691,2.89842,36.7151,2.90071,199073,0.0023,0.69749,0.171246,204.825,129.145,-1766.06,643.768,-2033.45,604.245,1209.2,0.607901,7.89276,0.106226,47.3042,2.85413,37.4493,2.85611,199070,0.0006,0.9063,0.11795
furan,123,-548.993,500.558,-558.235,504.551,-591.186,538.003,1187.87,1.14782,12.8355,0.132708,51.0629,3.01772,36.1821,3.02064,199587,0.0045,0.51193,0.170297,-411.75,539.519,-424.569,504.458,-483.676,509.43,1184.85,1.41489,10.5,0.13128,47.7715,3.08555,35.2262,3.08834,199373,0.0038,0.279682,0.171733
furan,128,-355.799,500.63,-383.674,486.224,-402.305,494.115,1182.44,1.31721,13.4988,0.138906,51.2497,3.16692,35.6225,3.16996,199645,0.0055,0.398397,0.173473,481.066,141.175,-951.699,719.448,-1570.29,688.911,1196.55,1.06281,9.56789,0.118791,48.1622,3.20211,36.4659,3.20431,199671,0.0024,0.674927,0.16299
furan,138,74.4032,501.978,91.4782,528.427,64.3599,555.513,1167.01,1.15746,15.1022,0.137369,52.2268,3.47681,34.8299,3.47952,200642,0.0157,0.0980371,0.172299,289.819,512.861,203.968,516.972,182.658,551.111,1171.59,1.60263,12.3092,0.149057,48.7459,3.41976,34.142,3.42301,200035,0.0038,0.0343819,0.171948
furan,148,546.346,561.323,536.884,568.934,490.096,570.009,1153.65,1.4484,16.5816,0.148513,52.4527,3.53148,33.4101,3.5346,201245,0.0333,0.00809649,0.172436,533.568,567.262,581.784,547.793,496.288,607.072,1151.56,1.45702,14.1624,0.148248,49.1484,3.48332,32.525,3.48647,201117,0.0306,-0.00214046,0.172439
furan,152,678.244,594.359,713.486,565.12,647.9,589.563,1147.92,1.04196,17.1645,0.144143,53.0187,3.72818,33.3267,3.73097,201254,0.0489,0.00386347,0.173492,675.044,578.539,668.521,595.824,631.041,564.721,1145.91,1.26716,14.7536,0.148392,49.8424,3.80768,32.5613,3.81057,201102,0.037,-0.00319345,0.172809
furan,158,921.015,596.365,908.797,600.072,908.749,594.92,1141.08,1.29916,17.9913,0.151722,53.3948,3.85342,32.7762,3.85641,201257,0.075,0.00134607,0.173112,918.542,569.336,952.72,576.896,879.191,567.676,1138.2,1.05807,15.5957,0.150839,50.4548,3.95942,32.2318,3.96229,201235,0.0655,-0.00179174,0.17281
furan,168,1349.43,619.095,1335.99,619.139,1300.24,578.633,1127.17,1.46265,19.4473,0.15946,54.1058,4.15548,31.8649,4.15854,201937,0.1344,0.000310998,0.172734,1305.55,584.239,1260.17,593.457,1212.61,645.528,1124.57,1.30164,17.0273,0.157139,50.7456,4.05028,30.9247,4.05333,201818,0.1327,0.00144289,0.172787
furan,178,1697.67,635.905,1699.47,626.854,1731.09,647.542,1113.97,1.25744,20.8627,0.166448,54.7583,4.35632,30.9358,4.3595,202071,0.2465,-0.00180761,0.172424,1687.41,606.736,1723.56,602.794,1624.77,642.218,1112.74,1.21245,18.3814,0.167592,51.4953,4.35076,30.1541,4.35399,201921,0.1869,0.000481457,0.172817
furan,180,1760.66,661.135,1797.48,654.815,1806.18,647.451,1110.88,1.18938,21.1599,0.167474,55.1595,4.4021,31.0065,4.40528,202030,0.2686,0.00132391,0.1723,1787.05,605.183,1765.26,622.33,1776.68,630.232,1109.51,1.07473,18.6765,0.167587,51.9332,4.44004,30.2636,4.4432,201853,0.2142,0.000187645,0.173
furan,188,2051.66,642.201,2069.47,674.752,2071.14,668.896,1100.58,1.45739,22.2724,0.175928,55.2079,4.52482,29.8094,4.52824,202013,0.3455,0.000587206,0.173279,2104.33,636.75,2100.41,670.776,2073.03,660.261,1098.13,1.46225,19.8146,0.170728,52.8762,4.70061,29.9355,4.70371,202139,0.3272,0.000157305,0.17252
furan,225,3426.94,686.051,3425.25,664.482,3452.73,702.62,1051.35,1.41118,27.34,0.202538,58.4576,5.53751,27.3762,5.54121,202830,1.0435,-0.000733134,0.173184,3343.45,704.48,3374.26,716.972,3408.17,657.738,1048.87,1.37662,24.8579,0.200881,54.9428,5.46227,26.3435,5.46596,202935,0.9273,0.00054499,0.172986
furan,244,4035.18,729.523,4072.91,758.542,4017.2,717.808,1025.8,1.4929,29.8957,0.217752,59.5338,6.06462,25.5808,6.06853,203142,1.5417,-2.69261e-05,0.173054,4045.89,739.891,4101.92,721.901,4064.55,739.619,1023.35,1.6336,27.3974,0.211415,56.0856,5.81627,24.6309,5.82011,203321,1.5311,5.38922e-06,0.172747
formaldehyde,81,4259.5,198.965,4259.31,207.732,-4035.64,889.778,1129.92,0.687328,-33.9534,0.0475606,1.40325,0.995906,34.0098,0.997041,87198,0,0.965201,0.0381533,5874.27,202.806,5869.21,183.097,-597.533,901.119,1097.56,0.870468,-27.0674,0.0493702,1.36307,0.940914,27.0836,0.942208,87181,-0,0.960998,0.0379636
formaldehyde,91,4800.3,231.306,4799.8,217.132,-3451.05,911.646,1096.68,0.523652,-33.184,0.0541922,1.56131,1.06991,33.2321,1.07128,87487,0,0.963065,0.0369143,6365.52,227.119,6376.35,197.296,-68.4788,945.29,1068.61,0.70856,-26.1887,0.0529686,1.54384,1.09434,26.2194,1.09562,87593,0,0.946065,0.0378419
formaldehyde,101,5291.57,229.084,5283.39,213.907,-2871.83,929.481,1088.28,0.525743,-32.6744,0.058588,1.70127,1.18361,32.6962,1.18506,87707,0,0.958078,0.037131,6934.3,214.186,6941.96,240.067,525.396,952.937,1060.1,0.818885,-25.6941,0.0567092,1.72418,1.20007,25.7388,1.20141,87791,0,0.938148,0.0382345
formaldehyde,111,5894.23,245.472,5870.61,250.058,-2263.7,1033.73,1080.43,0.525626,-32.1683,0.064951,1.92506,1.34863,32.2476,1.35019,87708,0,0.952876,0.0374656,7476.39,251.227,7475.38,249.086,1059.39,978.619,1050.63,0.956213,-25.1839,0.0641514,1.8692,1.29783,25.2074,1.29941,88091,0,0.929806,0.0387444
formaldehyde,121,6342.02,271.452,6353.82,275.916,-1759.85,1085.94,1072.33,0.53061,-31.661,0.0694722,2.02469,1.40673,31.6737,1.40844,88032,-0,0.947088,0.0377136,8063.77,257.976,8082.49,272.198,1696.67,1035.19,1041.03,0.651712,-24.6596,0.0684168,1.99012,1.39995,24.6377,1.40162,88186,-0,0.917836,0.0393343
formaldehyde,131,7001.34,274.425,6985.95,281.357,-1111.36,1100.82,1064.13,0.767902,-31.1475,0.0768449,2.21081,1.53239,31.18,1.53432,88209,0,0.940907,0.0380904,8576.97,288.144,8585.77,276.777,2229.16,1124.58,1030.79,0.909469,-24.106,0.0767172,2.17882,1.52899,24.1065,1.53091,88230,0,0.902797,0.0415741
formaldehyde,141,7490.27,278.83,7483.86,288.124,-589.925,1180.09,1056,0.68791,-30.6331,0.0810099,2.33569,1.66783,30.6242,1.6698,88457,0,0.932816,0.0384914,9164.62,297.608,9156.73,278.995,2806.56,1070.13,1031.6,0.999034,-23.7377,0.0806308,2.42031,1.69378,23.8134,1.6957,88716,0.0001,0.843866,0.0556427
formaldehyde,148,7853.38,289.045,7848.42,290.283,-241.622,1132.52,1049.12,0.521925,-30.2979,0.0848355,2.50968,1.76041,30.3466,1.76245,88385,-0,0.93047,0.0385981,9952.14,365.488,10002,347.588,5374.18,1114.09,958.452,1.16014,-21.1116,0.0881292,2.54493,1.78999,21.1955,1.79216,88778,0.8211,0.000156926,0.09466
formaldehyde,151,8105.94,305.392,8112.49,303.964,22.5846,1225.31,1047.77,0.810354,-30.1098,0.0864722,2.54552,1.75329,30.1444,1.75542,88601,0,0.924829,0.0388936,9773.39,296.069,9774.53,315.296,3401.15,1154.67,952.118,1.77533,-20.8838,0.0907779,2.64391,1.87189,21.0168,1.87409,88904,0.9798,5.05788e-05,0.0945452
formaldehyde,161,8586.83,339.429,8595.55,347.888,535.767,1234.75,1038.65,0.688241,-29.5628,0.0933073,2.68393,1.86821,29.5696,1.87054,88705,0,0.914687,0.0393901,10320.8,328.272,10341.8,308.847,3954.75,1310.22,936.947,1.41077,-20.2254,0.0934191,2.79294,1.90669,20.3412,1.90898,89030,1.2448,-0.00043016,0.0945853
formaldehyde,171,9170.49,325.5,9143.78,324.086,1114.21,1157.02,1031.56,1.03539,-29.0574,0.101845,2.92304,2.05301,29.137,2.05553,88807,-0,0.902747,0.0457621,10878.6,346.524,10887.3,320.259,4537.41,1099.44,920.523,1.27603,-19.5571,0.0970408,2.92851,2.02671,19.6422,2.02903,89015,1.7466,-0.000354711,0.0946581
formaldehyde,181,9638.11,338.456,9657.16,330.699,1611.78,1297.47,955.276,1.38882,-25.6694,0.107702,3.02026,2.14303,25.6799,2.14573,89265,1.2462,-0.000259581,0.0947124,11507.8,374.463,11502.1,349.779,5139.65,1287.36,905.201,0.924115,-18.9108,0.0998545,3.07534,2.17909,18.9764,2.18138,89233,2.1166,-0.000306387,0.0945956
formaldehyde,196,10534.8,398.229,10540.4,385.453,2481.64,1201.56,933.799,1.2182,-24.6508,0.114263,3.20553,2.22332,24.5972,2.22625,89324,1.6418,0.000482475,0.0947466,12330,368.589,12313.2,364.85,5954.88,1262.62,879.857,1.16451,-17.9221,0.10505,3.27033,2.32383,17.9333,2.3262,89356,2.8612,-0.000276088,0.0945088
formaldehyde,213,11438.7,400.236,11439,434.927,3432.56,1363.47,909.14,1.41527,-23.5104,0.121473,3.64241,2.575,23.611,2.57786,89538,2.475,0.000146307,0.0947565,13391.8,411.73,13395.3,387.469,6996.8,1407.39,852.482,1.5724,-16.8328,0.113725,3.61885,2.54334,16.9098,2.54588,89570,3.8543,1.6986e-05,0.0946094
urea,293,-6573.2,469.459,-6578.05,502.46,-4119.08,914.386,1426.37,0.444861,-518.899,0.236015,-425.197,6.4032,88.8299,6.40755,201998,0,0.957326,0.0277539,-6434.67,502.516,-6439.34,490.739,-1478.44,999.411,1444.47,0.356064,-762.099,0.23844,-672.595,6.37911,84.6319,6.38356,202123,0.0001,0.936591,0.0507901
urea,295,-6531.27,532.679,-6514.33,531.806,-4060.77,1047.83,1426.02,0.460736,-518.718,0.236293,-425.106,6.37646,88.7067,6.38084,201997,-0,0.957157,0.0264899,-6352.03,548.833,-6378.14,512.706,-1427.15,953.328,1443.94,0.404706,-761.909,0.238753,-672.583,6.44458,84.4207,6.449,201898,0.0001,0.929549,0.0529243
urea,303,-6358.12,495.153,-6355.58,525.448,-3766.51,1040.18,1423.97,0.418127,-517.964,0.239898,-424.454,6.69182,88.4716,6.69612,202171,-0,0.95402,0.032852,-6150.64,534.534,-6191.38,543.563,-1279.66,1038.41,1441.95,0.408417,-761.152,0.241901,-671.853,6.67904,84.2606,6.68342,202302,0.0002,0.923617,0.0657005
urea,313,-6151.79,530.41,-6136.07,520.278,-3629.23,951.211,1421.5,0.481572,-517.019,0.247828,-423.761,7.06077,88.0533,7.06512,202277,-0,0.953864,0.0372892,-5941.13,508.012,-5915.74,502.925,-1077.79,1008.01,1439.37,0.350222,-760.196,0.252963,-671.021,7.05775,83.9703,7.06228,202501,0.0001,0.919164,0.0769694
urea,323,-5974.47,519.687,-5957.8,535.626,-3402.78,1070.92,1419,0.496896,-516.072,0.260042,-423.138,7.3393,87.5631,7.34391,202484,0.0001,0.946112,0.0460549,-5773.22,540.438,-5716.23,540.175,-912.537,1050.38,1436.88,0.404369,-759.25,0.264671,-670.759,7.22551,83.1201,7.23036,202497,0.0002,0.907516,0.0895347
urea,333,-5674.04,535.817,-5655.76,551.286,-3034.14,1023.05,1416.44,0.458107,-515.104,0.265491,-422.351,7.56134,87.2158,7.566,202595,0,0.943304,0.0558193,-5473.7,510.678,-5482.75,539.436,-726.331,1041.84,1434.15,0.397784,-758.268,0.269554,-670.266,7.51675,82.4648,7.52158,202579,0.0004,0.887246,0.0987386
urea,343,-5397.51,575.193,-5399.06,556.679,-2874.31,1105.61,1413.93,0.49621,-514.145,0.277596,-421.496,7.76026,86.9455,7.76522,202744,0.0002,0.934524,0.0722426,-5272.39,567.595,-5305.94,566.768,-552.087,1058.29,1431.36,0.391249,-757.29,0.282587,-669.534,7.51519,82.0525,7.5205,202953,0.0007,0.853743,0.0979953
urea,353,-5232.85,558.579,-5256.32,531.311,-2651.91,1097.08,1411.12,0.474724,-513.177,0.287911,-421.49,7.77913,85.8172,7.78446,203031,0.0003,0.920631,0.0835788,-5026.67,609.33,-5033.98,592.798,-411.899,1106.97,1428.62,0.416776,-756.309,0.285513,-669.366,7.83948,81.0732,7.84468,203092,0.0007,0.845721,0.10082
urea,363,-4981.71,599.291,-4996.18,571.54,-2258.24,1062.36,1408.44,0.494647,-512.208,0.292167,-420.667,8.05168,85.5049,8.05698,202973,0.0004,0.9027,0.0933456,-4795.88,596.83,-4797.68,603.063,-221.837,1117.44,1425.72,0.455731,-755.306,0.296761,-668.83,8.12766,80.4399,8.13308,203144,0.0013,0.771862,0.0988272
urea,373,-4743.94,613.41,-4741.51,632.416,-2061.35,1033.33,1405.68,0.477913,-511.223,0.305693,-419.998,8.51851,85.0226,8.52399,203068,0.0005,0.892447,0.0931371,-4559.11,579.894,-4515.93,618.853,-64.3337,1120.38,1422.7,0.444335,-754.299,0.310789,-667.806,8.4099,80.2906,8.41564,203262,0.0019,0.714044,0.101424
urea,383,-4514.23,618.315,-4534.22,607.943,-1964.49,1154.64,1402.79,0.526193,-510.226,0.309062,-419.661,8.64459,84.1964,8.65011,203512,0.0008,0.861227,0.100827,-4232.74,587.45,-4217.49,592.368,-41.4792,1096.07,1419.64,0.474475,-753.267,0.321948,-667.386,8.41284,79.5124,8.419,203298,0.0021,0.654651,0.101649
urea,393,-4242.06,630.676,-4240.11,608.74,-1427.76,1115.68,1399.64,0.54672,-509.224,0.32021,-418.923,8.71432,83.7661,8.7202,203467,0.0012,0.808752,0.102595,-4030.79,625.726,-4051.21,635.616,33.106,1138.66,1416.56,0.427526,-752.23,0.335755,-666.728,8.5649,78.9671,8.57148,203569,0.0026,0.508229,0.104168
urea,403,-4049.86,599.321,-4096.09,616.481,-1355.76,1162.08,1396.75,0.574333,-508.22,0.334175,-418.516,8.99159,83.0028,8.9978,203412,0.0014,0.784747,0.104025,-3797.49,612.506,-3768.54,638.457,22.1865,1133.57,1413.4,0.449909,-751.158,0.346964,-665.988,9.11713,78.4688,9.12373,203984,0.0026,0.406521,0.102772
urea,406,-3927.65,611.92,-3970.01,650.611,-1252.6,1121.62,1395.75,0.557887,-507.906,0.338699,-417.741,9.3414,83.4139,9.34754,203911,0.0016,0.747816,0.101286,-3734.31,656.321,-3765.57,667.49,48.3749,1158.34,1412.36,0.54836,-750.83,0.346077,-666.007,9.0165,78.0719,9.02314,203750,0.0026,0.381958,0.0997137
urea,526,76.988,829.033,104.387,847.193,-209.899,1344.15,1212.14,0.875414,-478.325,0.42815,-410.998,11.8982,58.5805,11.9059,206367,2.9248,9.2974e-05,0.169378,1739.12,982.389,1814.18,1038.82,1758.6,1006.59,1243.13,0.883558,-724.216,0.430548,-659.078,11.6803,56.3915,11.6882,206230,2.8315,0.000214611,0.168012
urea,570,3740.27,1079.32,3724.76,1085.31,3694.32,1037.91,1171.19,1.08838,-472.814,0.470254,-408.543,12.8322,54.7929,12.8408,206891,3.927,9.48104e-06,0.16936,2743.25,1088.39,2741.38,1048.26,2733.9,1032.51,1202.5,0.935616,-718.75,0.456781,-655.856,12.8287,53.4159,12.8368,206617,4.0146,6.46707e-05,0.168221
123-benzenetriol,100,-728.997,398.078,1148.43,111.974,6363.69,475.608,1523.35,0.127944,-147.978,0.0892895,-45.5241,3.48436,100.791,3.4855,547920,0,0.996686,0.0253108,-1341.8,358.731,268.854,101.372,5500.48,456.652,1538,0.115106,-126.128,0.0892262,-14.8303,3.36157,109.635,3.36275,547451,0,0.997138,0.0218852
123-benzenetriol,277,3488.96,614.254,5406.52,200.882,10563.3,746.235,1449.91,0.277217,-117.957,0.248908,-20.6744,9.50947,92.6766,9.51273,563283,0,0.982392,0.0620974,3124.23,612.699,4556.01,203.809,9435.6,768.81,1487.14,0.253074,-96.1287,0.241949,-6.5553,9.43584,84.9674,9.43894,561239,-0,0.990331,0.0268726
123-benzenetriol,295,4014.33,660.12,5882.37,216.169,10971,770.238,1444.35,0.250377,-114.842,0.261967,-18.079,10.1559,91.8577,10.1593,564232,-0,0.981184,0.0622855,3527.15,658.566,4957.55,201.701,9757.91,745.232,1481.49,0.263319,-92.9909,0.256541,-3.56202,10.0774,84.5235,10.0807,561631,0,0.989503,0.0274291
123-benzenetriol,403,6634.78,733.111,8482.06,252.335,13473,837.627,1408.12,0.330107,-95.8163,0.361941,-2.79245,13.7915,86.3226,13.7962,568609,0,0.972877,0.0636776,6260.65,738.993,7551.04,257.103,12192,869.308,1443.91,0.320577,-73.635,0.363349,11.7802,13.7965,78.714,13.8013,566088,-0,0.983136,0.0320375
123-benzenetriol,445,7624.16,725.723,9479.03,273.535,14411.3,963.268,1391.06,0.486397,-87.9538,0.398291,2.84917,15.5309,83.4034,15.536,570356,0.0002,0.965128,0.0668586,7284.75,823.747,8528.57,268.869,13093.7,1001.46,1426.53,0.443482,-65.4512,0.407168,17.5706,15.4986,75.6222,15.5039,568256,0,0.979148,0.0384016
123-benzenetriol,482,8524.15,825.574,10357.4,289.207,15274.5,1029.25,1373.24,0.874192,-80.5961,0.461703,8.88674,16.865,81.468,16.8713,571814,0.0004,0.948905,0.0694739,8100.63,823.696,9391.27,282.093,13874.1,992,1175.37,0.87772,-33.6035,0.471273,24.0514,17.1421,49.6401,17.1486,580493,1.6393,0.000567186,0.271335
12-benzenediol,100,2836.11,299.26,563.611,291.405,5709.5,353.918,1406.08,4.41647,-109.354,0.0992704,-14.2884,3.28516,93.4028,3.28666,29,-0.0006,0.997113,0.0138131,3793.74,327.6,-1074.03,308.578,9508.36,384.418,1411.1,8.03249,-42.5963,0.133317,65.2648,3.22602,106.198,3.22877,29,0.0003,0.997265,0.0120122
12-benzenediol,293,7532.02,533.734,4553.07,566.262,11324.6,596.366,1355.07,0.272647,-79.1694,0.257375,10.7225,10.0068,85.0198,10.0101,495530,-0,0.990418,0.0208056,8224.15,533.183,2920.58,543,14831.9,603.88,1363.41,0.298746,-12.5984,0.256526,73.5134,9.43507,81.2397,9.43856,495516,0,0.99136,0.0191567
12-benzenediol,300,7643.77,547.899,4658.33,547.486,11560.7,593.213,1353.05,0.298834,-78.0341,0.263274,11.9794,9.8994,85.025,9.9029,496092,-0,0.990108,0.0210883,8301.75,524.23,3003.97,525.467,15024,634.256,1361.6,0.305919,-11.4769,0.268167,74.8346,9.80254,81.323,9.80621,495558,0,0.991121,0.0193996
12-benzenediol,377,9390.51,566.033,6247.67,595.948,13694.6,649.015,1328.83,0.374601,-65.4593,0.335271,20.2999,12.4175,79.4903,12.422,498333,-0,0.986519,0.0240779,10043.3,580.511,4635.12,587.875,17086,649.321,1340.69,0.380057,0.999681,0.332849,84.3916,12.2089,77.123,12.2134,497890,-0,0.988261,0.0221067
12-benzenediol,467,11536.8,656.203,8156.44,687.454,16217,769.559,1297.32,0.505144,-50.1867,0.414269,34.1326,15.7855,76.5539,15.7909,500724,-0,0.981164,0.0278503,12034.4,630.125,6452.92,676.263,19569.6,783.49,1310.41,0.478581,16.1752,0.414621,97.1656,15.6477,73.225,15.6532,500052,0,0.983888,0.02552
12-benzenediol,506,12357.5,691.96,8921.18,703.054,17263,848.827,1280.06,0.593682,-43.1471,0.457076,38.3747,16.911,73.1079,16.9172,501402,0,0.976985,0.0303367,12937.5,656.107,7295.95,676.068,20539.3,791.226,1294.77,0.488762,23.0781,0.448038,102.275,17.3209,70.783,17.3267,501258,0,0.981229,0.0271301
14-benzoquinone,173,-220.248,553.188,7533.02,768.513,4669.89,226.776,1347.64,0.262271,-54.4133,0.17147,23.682,5.41403,75.2186,5.41674,301643,0,0.99171,0.0291235,-516.757,532.53,8801.7,769.954,5075.23,199.395,1340.58,0.32263,12.409,0.166201,87.0714,5.58245,71.7857,5.58492,301937,-0,0.992176,0.0311127
14-benzoquinone,280,1704.48,674.345,10304.6,983.666,6150.61,315.19,1312.62,0.496084,-39.2715,0.270765,35.0177,8.37832,69.6333,8.38269,304578,0,0.984259,0.0313648,1269.4,638.803,10153.7,979.939,5851.61,293.027,1305.16,0.485872,27.5976,0.278328,98.8523,8.64893,66.5988,8.65341,304845,0,0.984797,0.0327809
14-benzoquinone,293,1819.49,723.864,10422,977.475,6076.26,315.887,1307.82,0.486092,-37.3954,0.284462,36.1894,9.03139,68.7127,9.03587,304915,-0,0.983281,0.0317246,1500.36,702.572,10490.6,1001.66,6108.68,297.342,1300.41,0.579582,29.4843,0.288757,100.084,9.3264,65.7276,9.33087,305036,0,0.983689,0.033103
14-benzoquinone,388,3213.81,815.952,11670.9,1100.6,7034.56,356.617,1268.99,0.624292,-23.347,0.380931,45.8689,11.5449,62.7641,11.5512,306992,0,0.974245,0.0352721,3324.22,793.293,12449.7,1039.22,7927.34,358.002,1261.22,0.532591,43.6088,0.383294,111.369,12.1145,61.3084,12.1206,307126,-0,0.974332,0.036392
14-benzoquinone,481,4979.95,961.615,13732.8,1260.72,8865.3,409.632,1221.74,0.691105,-8.71032,0.468074,56.66,14.3749,57.3721,14.3825,308211,0.0001,0.958438,0.0525088,5165.59,915.079,14448.5,1210.29,9756.09,402.52,1212.25,0.825373,58.4326,0.478179,120.158,14.5614,53.7272,14.5692,308991,0.0005,0.952478,0.0864998
14-benzoquinone,521,5820.59,961.134,14597.6,1300.37,9659.09,423.673,1195.36,0.923265,-1.84999,0.505531,61.606,15.764,54.7926,15.7721,309741,0.0008,0.93944,0.12281,5958.53,955.184,15121.6,1312.28,10490.4,419.819,1182.94,0.978082,65.6197,0.515769,125.518,15.9781,51.235,15.9864,310029,0.0036,0.885931,0.215075
acetamide,295,-309.002,609.111,-355.019,619.361,-2139.26,329.879,1160.01,0.342707,-275.277,0.189866,-202.257,6.89343,68.1147,6.89604,360910,-0,0.978545,0.0363904,-2717.11,604.357,-2692.02,611.097,-2478.84,334.042,1177.56,0.274756,-552.136,0.191145,-479.013,7.02504,68.2177,7.02764,361170,-0,0.978095,0.0358639
acetamide,300,-259.258,555.99,-214.826,601.373,-2046.98,326.177,1157.91,0.287743,-274.752,0.190152,-202.039,6.91768,67.7245,6.92029,361169,-0,0.978015,0.0365261,-2555.04,571.024,-2583.35,569.361,-2374.31,315.981,1175.37,0.278362,-551.603,0.195113,-477.952,7.09564,68.6625,7.09832,361291,0,0.977581,0.0359681
acetamide,354,1039.48,648.901,1031.93,674.751,-718.457,383.06,1134.45,0.382525,-268.993,0.229645,-198.654,8.12099,64.4526,8.12424,362525,-0,0.971602,0.0379322,-1267.27,644.931,-1250.09,624.102,-1062.44,349.865,1151.3,0.329174,-545.771,0.228858,-475.277,8.14069,64.6076,8.14391,362600,0,0.970913,0.0374371
acetamide,374,1517.22,642.724,1544.64,687.894,-202.969,384.2,1124.73,0.480325,-266.757,0.24336,-197.278,8.69338,63.26,8.69679,362895,0,0.96729,0.0385762,-710.645,686.256,-764.183,661.294,-542.302,375.927,1141.9,0.422951,-543.563,0.243523,-474.025,8.63433,63.319,8.63776,363094,0,0.968435,0.038116
acetamide,405,2268.68,685.083,2269.33,688.84,569.576,394.989,1108.82,0.660713,-263.247,0.266244,-195.23,9.40654,61.2825,9.41031,363661,-0,0.957332,0.0398299,28.284,641.278,54.0781,648.682,236.76,391.491,1125.41,0.593951,-539.97,0.266947,-471.322,9.50809,61.9135,9.51184,363463,0,0.962556,0.0391458
acooh,239,2895.73,641.408,1661.88,322.141,3165.3,647.8,1231.19,0.386111,-244.589,0.158255,-182.072,5.12728,58.5428,5.12972,269379,0,0.969154,0.073287,3136.89,660.708,1542.22,371.257,1750.57,658.035,1233.24,0.377222,-311.341,0.15836,-252.706,5.05143,54.6608,5.05391,269721,0,0.970112,0.065665
acooh,278,4032.68,731.748,2785.7,397.058,3280.71,685.466,1213.21,0.292257,-241.281,0.182741,-179.666,5.99181,56.9923,5.9946,270409,0,0.963502,0.0779301,5132.98,713.162,3261.2,368.864,4902.91,637.506,1207.01,0.302423,-307.726,0.180619,-250.517,5.85705,52.5863,5.85983,270339,0,0.956448,0.0752228
acooh,289,3908.68,711.684,2957.41,404.632,7077.7,690.316,1206.29,0.409836,-240.07,0.19291,-179.439,5.98879,55.8254,5.9919,270713,0.0001,0.962685,0.0786063,4772.01,728.608,3227.43,384.516,3776.3,729.032,1201.25,0.426575,-306.654,0.189858,-250.261,6.06972,51.5874,6.07269,270594,0.0001,0.955413,0.0773408
acooh,290,4191.07,713.619,3229.3,371.797,5133.22,677.892,1207.09,0.437396,-240.188,0.191218,-178.998,6.29365,56.3678,6.29655,270674,0.0001,0.959454,0.0768218,4737.77,720.809,3318.66,393.392,4818.9,715.061,1199.21,0.438499,-306.489,0.189786,-249.935,6.2519,51.7318,6.25478,270759,0,0.953434,0.0770804
acooh,329,4870.63,752.879,4245.11,399.747,5738.63,720.104,1185.89,0.49149,-236.441,0.217739,-176.978,7.07776,53.9923,7.08111,271544,0.0001,0.946466,0.078875,5393.86,732.027,4371.42,414.695,6077,779.894,1171.88,1.24866,-302.197,0.24793,-248.092,6.97948,48.6343,6.98388,271303,-0,0.912575,0.0803429
acooh,356,5606.52,774.631,5020.33,434.872,6618.3,812.529,1167.73,0.521864,-233.569,0.238655,-175.733,7.5363,51.9163,7.54008,272026,0,0.930109,0.0798357,6037.15,809.573,5189.08,441.954,6612.69,765.845,1057.69,1.2911,-293.873,0.31806,-246.211,7.48006,41.7423,7.48682,274162,1.0071,-0.000890359,0.173883
benzene,218,656.287,334.226,115.697,665.777,790.117,393.641,1042.14,0.885936,2.58646,0.178849,45.4449,6.1847,39.2335,6.18729,406344,0.005,0.302372,0.191883,1086.47,352.37,1024.01,643.039,1363.94,389.007,1025.81,0.648476,2.81218,0.180024,41.995,6.2498,35.5579,6.25239,406159,0.0019,0.0228672,0.192529
benzene,270,1898.1,410.314,1495.51,714.749,2122.99,460.664,1005.83,1.03127,10.5243,0.222557,51.1535,7.86191,36.1396,7.86506,408115,0.0002,-0.00374104,0.196107,2359.24,401.101,2499.76,753.446,2764.93,454.511,982.997,1.3489,11.0405,0.222032,47.5628,7.84084,32.0327,7.84398,408242,0,0.000932235,0.194946
benzene,271,1901.99,393.139,1529.58,732.617,2139.94,450.214,1005.18,0.984001,10.6824,0.221101,50.7657,7.84286,35.577,7.84598,408415,0.0003,0.00219317,0.196243,2409.86,396.683,2577.76,759.736,2814.73,455.141,981.937,0.950102,11.21,0.223055,47.3905,7.73079,31.6742,7.73401,408092,-0,-0.00181084,0.197385
benzene,279,2104.42,420.09,1758.36,742.568,2340.56,457.239,998.672,0.890744,11.9712,0.22959,51.6546,8.07588,35.0441,8.07914,408348,0.0001,-0.000662256,0.19693,2590.23,414.402,2774.33,770.48,3002.75,452.022,973.453,1.36854,12.5832,0.233039,48.1826,7.94906,30.9601,7.95248,408536,0,0.00113605,0.198881
benzene,293,2454.48,407.892,2184.66,774.853,2721.6,453.63,986.925,1.27316,14.2628,0.245726,52.6121,8.35992,33.4772,8.36353,409036,0,-0.00162946,0.197296,2933.35,428.93,3166.99,754.354,3352.48,454.935,839.893,0.97117,22.4771,0.231222,49.114,8.33117,21.7648,8.33438,414077,2.9385,0.000219641,0.207564
cyclohexane,93,3968.67,352.988,-934.673,367.042,1881.78,188.312,984.469,0.17472,-16.3161,0.0984336,36.6177,3.32748,51.3874,3.32894,497703,0,0.996317,0.0142873,4075.83,343.379,-962.222,347.767,1919.1,196.055,984.185,0.189659,-18.7451,0.0997616,34.2389,3.3941,51.4376,3.39557,497345,0,0.996304,0.0143703
cyclohexane,115,4555.35,368.558,-286.852,398.38,2595,225.587,976.467,0.220582,-12.3041,0.123629,40.6516,4.21765,51.0434,4.21946,500064,0,0.995179,0.0154371,4622.01,387.052,-338.154,404.032,2614.63,218.92,976.193,0.269617,-14.734,0.120596,37.836,4.20192,50.6577,4.20365,499841,-0,0.995161,0.0155392
cyclohexane,260,8059.53,562.822,3511.25,588.377,6936.53,336.469,819.564,0.480238,23.6426,0.273575,62.3992,9.19295,34.4332,9.19702,511308,0,-0.000969441,0.222519,8187.34,573.648,3481.22,594.627,6997.04,339.828,819.219,0.539673,21.1904,0.278252,60.1397,9.42353,34.6259,9.42764,511443,0,0.000601477,0.22272
cyclohexane,266,8229.22,583.037,3643.59,578.118,7110.99,358.477,815.91,0.538145,24.8313,0.276055,62.6097,9.39981,33.3553,9.40386,511898,0,0.000506128,0.222397,8339.19,581.308,3645.67,561.131,7196.26,334.855,815.642,0.509732,22.3878,0.280169,59.8887,9.22728,33.0778,9.23153,512087,-0,-0.000553054,0.222477
cyclohexane,280,8559.65,612.483,4021.5,635.255,7552.35,365.107,807.373,0.519936,27.6285,0.295364,65.3825,10.1335,33.0981,10.1378,512254,-0,0.000407026,0.222668,8688.98,605.425,4007.3,612.684,7599.47,363.332,807.237,0.359272,25.1591,0.290655,62.824,10.1982,33.009,10.2023,512584,0,-0.000102735,0.222212
cyclohexane,288,8752.49,602.238,4175.11,640.68,7765.86,359.942,802.487,0.449846,29.2138,0.303838,66.5918,10.3027,32.589,10.3072,512418,0,-0.000246387,0.222107,8861.41,601.665,4235.55,647.861,7846.37,351.884,802.066,0.506273,26.7695,0.298109,64.783,10.5285,33.2245,10.5327,513151,0,-0.000629541,0.222565
ethane,85,809.628,222.724,-603.675,325.41,-776.997,321.402,717.323,0.703011,-11.3091,0.058838,9.05928,1.80405,18.955,1.80501,243460,0,0.925109,0.0694536,819.241,217.384,-627.071,304.904,-801.795,291.386,717.012,0.587277,-15.177,0.0577358,5.06539,1.77517,18.829,1.77611,243439,0,0.921374,0.0693928
ethane,90,407.466,308.661,-1030.06,431.919,-1147.23,418.88,710.805,0.735157,-10.7736,0.0643518,8.91293,1.82797,18.19,1.8291,243771,0,0.91267,0.0846142,1010.05,287.309,-449.577,393.583,-613.981,358.44,710.686,0.551397,-14.6452,0.062408,5.11507,1.82463,18.2637,1.8257,243931,0,0.911252,0.0876212
ethane,100,1663.02,315.951,156.877,384.35,-8.26812,381.599,656.694,0.538432,-7.93144,0.0651139,9.60749,2.06359,15.8761,2.06462,245044,0,-0.000481497,0.133033,1585.92,349.2,93.9,410.469,-106.593,395.916,656.999,0.592292,-11.8233,0.0649974,5.78328,2.08933,15.9438,2.09034,244796,0,-3.61078e-05,0.133204
ethane,111,2565.47,206.57,1005.43,297.12,808.589,305.155,645.234,0.498083,-6.90323,0.0711556,9.94593,2.24744,15.0034,2.24857,245634,0,0.000433752,0.133247,2487.54,236.514,925.412,350.76,766.505,374.167,643.001,0.729767,-10.7037,0.0716488,6.38814,2.32858,15.2461,2.32968,246606,0.0046,0.000235868,0.13309
ethane,120,3030.12,225.978,1418.4,345.214,1268.07,328.661,633.675,0.697464,-6.01285,0.0753737,10.8421,2.60545,14.8596,2.60654,247092,0,0.000139621,0.133414,3057.36,211.629,1438.48,350.267,1281,358.918,634.076,0.864156,-9.90781,0.0775895,6.78783,2.4502,14.7002,2.45143,247416,0,0.000168044,0.133303
ethanol,87,-514.545,334.708,-926.405,249.891,2108.67,333.998,1026.7,0.184195,-60.1963,0.0578232,-6.87063,2.21998,51.879,2.22073,312830,0,0.988859,0.0194972,-432.016,303.142,-807.902,234.563,1735.64,302.997,1026.54,0.157038,-121.722,0.0592246,-70.4356,2.11059,49.8397,2.11142,313094,0,0.988347,0.0201733
ethanol,159,1774.9,435.771,1662.92,322.089,4086.63,414.688,992.324,0.359587,-53.214,0.108468,-1.68944,3.92895,48.8807,3.93045,317001,0,0.972358,0.039881,1997.92,466.99,1860.75,329.646,3655.11,437.736,988.549,0.366237,-114.703,0.109549,-65.98,3.92948,46.0791,3.93101,317389,0,0.966771,0.0409612
ethanol,200,3027.88,486.491,3159.46,372.786,5097.63,487.607,953.243,0.445061,-48.0605,0.137462,1.04097,4.7227,45.7758,4.7247,318818,0,0.923951,0.0541982,3283.55,513.075,3461.18,362.753,4661.01,462.595,894.367,9.3163,-105.999,0.435253,-63.5463,4.8323,39.127,4.85186,321245,0.0879,0.191307,0.162371
ethanol,216,3571.03,513.699,3777.36,404.225,5576.78,495.268,870.566,0.631259,-41.669,0.161593,2.34052,5.29579,40.4178,5.29825,322384,0.1212,0.1015,0.162582,3766.2,542.076,4102.27,394.984,5035.07,501.048,871.01,0.553815,-103.466,0.165001,-62.0706,5.27062,37.8037,5.2732,322899,0.1928,0.0421251,0.162537
12-ethanediamine,243,-4722.92,713.05,-5909.55,644.361,-5520.09,674.733,1199.55,0.584647,37.0892,0.218601,107.091,7.11283,65.9611,7.11619,338560,0.0002,0.988727,0.0379253,-4850.43,659.756,-4660.18,549.572,-3835.38,575.006,1205.16,0.358319,75.3808,0.21152,139.253,7.46964,59.8315,7.47263,338876,-0,0.99228,0.0222823
12-ethanediamine,263,-3716.53,716.518,-3347.72,724.847,-3042.77,758.513,1165.13,0.957481,41.5067,0.247992,109.129,7.76876,63.2491,7.77272,338845,0.0013,0.939246,0.102981,-3718.82,709.584,-2865.12,688.092,-2194.59,704.37,1133.19,13.4873,84.2814,1.04201,141.226,7.80704,52.5714,7.87627,339088,0.0081,0.636377,0.138213
12-ethanediamine,275,-2964.07,704.521,-1982.19,724.434,-1742.58,668.317,1123.95,6.72584,44.8134,0.320571,110.094,8.11153,60.7078,8.11786,339610,0.0064,0.756321,0.190633,-2095.95,992.564,-473.174,942.937,-87.3727,871.318,1061.07,0.932497,91.092,0.289796,142.28,8.12618,46.6152,8.13135,341932,0.0665,0.0552472,0.20945
12-ethanediamine,284,-2387.92,830.971,-1012.6,783.782,-1080.93,782.409,1095.05,1.35291,48.0619,0.317059,111.744,8.50156,58.9597,8.50747,340623,0.0131,0.562194,0.207382,-96.7933,1175.21,1460.45,806.594,1488.99,794.331,1052.29,0.948785,92.9684,0.295393,143.739,8.49169,46.0482,8.49683,342257,0.1043,0.0142994,0.207699
12-ethanediamine,298,-675.214,898.945,478.066,652.683,513.484,682.734,1082.4,1.27286,51.1718,0.33938,112.878,8.7511,56.751,8.75768,342127,0.0277,0.278257,0.205516,1658.06,1250.58,2915.78,816.528,2837.72,770.561,1039.6,0.763296,95.7166,0.303751,145.282,8.86158,44.6102,8.86678,342651,0.2063,0.00420399,0.208206
ethylene,85,-3434.78,318.218,-3891.2,240.073,-3451.51,276.028,756.484,0.480274,7.75844,0.0579402,23.1144,1.39068,13.9426,1.39189,146247,0.001,0.437577,0.099412,-3492.86,396.349,-4430.42,273.709,-3092.36,290.622,780.441,0.5209,25.7651,0.0549253,43.3249,1.38661,16.1464,1.3877,146351,0.0003,0.858754,0.0900021
ethylene,90,169.055,415.823,-92.76,278.069,459.127,225.834,689.401,1.07008,10.3688,0.0588961,23.3553,1.49859,11.49,1.49975,147400,0.0075,0.000499621,0.114768,-2774.22,478.02,-3647.18,299.038,-2349.03,268.899,774.311,0.484671,26.1533,0.0596477,43.4304,1.46402,15.7806,1.46523,146386,0.0007,0.735513,0.0972177
ethylene,104,822.796,482.209,682.146,310.681,1338.09,268.535,645.958,1.03106,12.1053,0.0634126,23.8038,1.66241,9.96916,1.66362,148154,1.5425,-8.70259e-06,0.114946,-2463.28,454.49,-3313.63,369.888,-2032.27,365.527,747.36,1.5866,27.6284,0.0877333,43.952,1.7094,14.5943,1.71165,146880,0.0003,0.0268202,0.105794
ethylene,128,3103.73,489.44,3979.66,370.695,3788.67,386.666,600.581,0.955389,14.0654,0.0709649,24.6087,2.12394,8.41488,2.12513,148807,3.2529,9.9002e-05,0.115033,-1509.3,699.447,-2289.33,612.388,-1039.19,622.215,617.067,1.50989,33.0756,0.0800139,44.7382,2.12559,9.53418,2.1271,148574,2.7621,7.63074e-05,0.11507
ethylene,138,4509.39,444.644,4538.35,440.499,4521.04,449.722,580.826,1.56085,14.8772,0.0772794,24.9214,2.30065,7.74949,2.30195,149152,4.3205,-5.1497e-06,0.115062,-681.312,866.754,-1347.42,816.965,-99.0808,841.512,598.271,0.987878,33.9411,0.0820736,45.0794,2.33869,8.84359,2.34013,148981,3.5258,-6.14371e-05,0.115052
ethyleneglycol,130,-2511.23,447.173,-1755.75,412.685,-1062.4,482.9,1306.51,0.249613,-11.4871,0.105855,65.0154,3.41189,74.3408,3.41353,273352,-0,0.992828,0.0158737,-3192.75,455.496,-2598.67,394.832,-2144.3,493.092,1313.72,0.218808,27.4397,0.105125,109.725,3.46616,80.1236,3.46775,273700,0,0.993333,0.0176037
ethyleneglycol,260,2001.46,666.024,3072.66,572.753,2593.15,700.142,1248.82,0.526747,3.23592,0.217467,75.5934,6.87495,68.0341,6.87839,277994,0,0.980403,0.0228777,1228.2,676.512,2096.42,590.219,1439.54,714.98,1264.8,0.375888,41.8369,0.213593,120.09,6.83347,73.9297,6.83681,277842,0,0.983337,0.0231967
ethyleneglycol,261,1969.96,668.025,3119.2,569.946,2599.45,752.554,1248.46,0.516957,3.34193,0.219871,75.7515,6.94801,68.0696,6.95149,278117,0,0.98031,0.0228258,1157.65,678.65,2026.17,590.041,1542.93,710.692,1264.59,0.404323,41.9237,0.21498,120.306,6.94793,74.0423,6.95126,278019,0,0.983314,0.0230663
ethyleneglycol,283,2822.73,715.651,3976.81,592.926,3174.73,739.87,1235.73,0.668525,6.18138,0.239659,78.0644,7.60379,67.1772,7.60757,278672,0,0.976393,0.0259355,1981.92,657.221,2913.78,621.018,2111.2,736.271,1255.25,0.481413,44.5433,0.237992,122.305,7.55805,73.0559,7.5618,278804,0,0.980916,0.024306
formamide,223,2929.64,305.942,4521.96,1320.83,750.446,726.607,1466.1,0.466424,-191.423,0.160683,-122.71,3.88829,65.0049,3.89161,137320,0,0.978364,0.0220867,3223.36,325.006,4357.22,1304.22,3021.93,724.923,1460.44,0.481832,-218.875,0.159876,-150.621,4.0106,64.5459,4.01379,137305,0,0.976646,0.025304
formamide,270,5021.85,352.024,8007.64,1361.58,3674.99,849.94,1440.57,0.637503,-187.582,0.195751,-120.653,4.8832,62.4394,4.88712,137723,0.0003,0.94769,0.0564573,5334.32,362.993,8660.35,1342.86,5875.86,801.953,1436.82,0.802095,-215.425,0.201396,-148.86,4.83139,62.0754,4.83559,137785,0.0002,0.950566,0.0594831
formamide,296,6242.7,378.437,10491.7,1446.52,5524.22,940.686,1427.68,0.629415,-185.613,0.209657,-119.932,5.17333,60.759,5.17758,138045,0.0005,0.91608,0.070661,6682.55,376.307,11038.9,1496.62,7347.46,924.437,1431.24,1.39111,-214.144,0.273037,-147.813,5.34156,61.409,5.34853,138232,0.0003,0.939839,0.0661661
formamide,298,6511.09,399.109,11153.7,1481.24,5772.91,846.79,1426.82,1.05416,-185.447,0.227315,-119.717,5.39129,60.7748,5.39608,138128,0.0005,0.91233,0.0634095,6795.05,387.921,11550,1538.51,7609.31,833.241,1431.82,0.785488,-214.296,0.222437,-147.908,5.1662,61.4328,5.17099,138080,0.0003,0.936445,0.0685946
formamide,361,9603.92,435.348,14610.8,1686.67,8795.24,973.731,1398.78,0.805876,-180.889,0.258846,-117.235,6.40283,57.6512,6.40806,138836,0.0001,0.824121,0.0687127,9625.87,458.342,13244.6,1623.29,10104.8,907.562,1393.97,0.777911,-208.472,0.26391,-145.365,6.54573,57.1042,6.55105,138572,0,0.820107,0.069082
formamide,391,10870,463.985,14981.5,1737.68,9971.22,986.355,1384.97,0.767662,-178.689,0.282094,-116.392,6.97362,55.7953,6.97932,139120,0,0.814692,0.0712088,10923.6,483.331,13904.2,1668.55,11153.4,943.755,1379.78,0.631327,-206.244,0.283189,-144.128,7.07005,55.6143,7.07572,138962,0,0.810918,0.0718045
formic_acid,98,9653.28,677.81,304.308,174.551,-2214.43,436.846,1553.88,0.26481,-155.716,0.0524928,-92.7977,1.5315,61.2887,1.5324,158694,0,0.990718,0.0181173,11742.3,682.88,2168.91,171.375,6.21851,404.361,1523.24,0.242665,-141.364,0.052761,-84.5952,1.50607,55.1392,1.50699,159029,0,0.989349,0.0126718
formic_acid,270,12339.5,1148.35,7315.16,319.199,7399.39,737.503,1444.33,3.98822,-145.43,0.236585,-87.8862,4.15775,53.0542,4.16448,163610,0,0.956762,0.0445277,16176.2,1199.83,9462.18,308.781,10064.4,801.524,1401.32,1.02672,-130.977,0.153061,-79.4482,4.24978,47.0392,4.25254,164117,-0,0.942131,0.0472612
formic_acid,282,14494.1,1205.61,7911.44,311.314,7609.47,735.384,1439.44,0.797052,-144.805,0.155366,-87.2883,4.54129,52.8275,4.54395,163915,0,0.951903,0.045536,16555.1,1188.82,10004,306.342,10585.2,761.642,1385.03,1.06465,-129.864,0.162594,-79.1917,4.32248,45.9831,4.32554,164430,0.0001,0.930714,0.0491208
formic_acid,298,15050.7,1243.16,8578.56,323.571,8300.1,752.493,1424.55,1.03581,-143.571,0.169239,-86.9081,4.8889,51.7077,4.89183,164327,0,0.94325,0.0469739,16985.2,1189.22,10691.2,343.051,11143.9,780.328,1239.22,1.42626,-121.58,0.246697,-78.5856,4.69246,38.0392,4.69894,167923,1.114,-0.000361916,0.137689
formic_acid,323,15746.9,1233.57,9614,353.739,9221.11,858.89,1390.79,1.67599,-141.103,0.197774,-86.1555,5.11588,49.5766,5.1197,164780,0.0002,0.9076,0.0521466,16357.3,1257.74,11572.9,376.926,12288.3,813.754,1227.01,3.51047,-121.773,0.499474,-77.887,5.13926,38.5151,5.16347,167834,1.2832,0.000336866,0.137434
imidazole,173,-48.2977,314.259,-2556.76,566.439,412.376,548.966,1335.42,0.326407,-73.2373,0.11698,1.35643,4.28456,71.717,4.28616,331473,0,0.984854,0.0165854,1253.8,347.758,-1989.1,617.637,1647.54,644.883,1324.26,0.337239,-58.2828,0.119597,10.8286,4.24032,66.2347,4.24201,331648,0,0.980363,0.0194337
imidazole,300,3221.06,470.144,784.249,810.599,2546.25,824.823,1269.87,0.71149,-59.5151,0.202391,10.3531,7.27723,64.8797,7.28004,335998,0,0.964054,0.0259921,4703.94,449.03,1514.43,745.538,3859.48,770.369,1261.33,0.657636,-44.47,0.205756,20.45,7.60624,59.9315,7.60902,335597,0,0.952862,0.0297442
imidazole,349,4524.24,492.5,2070.37,840.392,3458.25,846.597,1241.56,0.732234,-53.5612,0.245019,13.9387,8.61285,61.6966,8.61633,337343,0.0001,0.95008,0.0331946,5976.91,492.497,2852.15,858.041,4790.08,845.22,1093.53,1.06444,-27.8286,0.246504,23.3329,8.44297,45.3582,8.44657,339940,1.2156,-0.000759561,0.169363
imidazole,364,4874.9,494.49,2416.8,850.342,3679.59,819.345,1231.37,0.89814,-51.6447,0.261128,14.5815,8.71397,60.1735,8.71788,337505,0.0001,0.943114,0.0351825,6382.66,494.253,3265.59,842.061,5171.26,808.492,1078.98,0.967274,-25.7844,0.258505,25.0565,8.93476,44.7882,8.9385,340320,1.5057,-0.000322136,0.169612
imidazole,374,5126.35,505.739,2571.67,830.638,3917.3,885.677,1223.9,0.898246,-50.2313,0.268967,15.0922,9.21019,59.1045,9.21412,337746,0.0001,0.936366,0.0370974,6651.44,509.908,3516.43,920.289,5379.67,886.676,1069.51,0.922115,-24.4456,0.264239,25.4344,9.10842,43.661,9.11225,340391,1.8208,-0.000356826,0.169651
imidazole,378,5241.66,497.113,2740.78,894.401,4021.39,858.937,1219.67,0.756787,-49.5484,0.263743,16.4156,9.57104,59.6785,9.57467,338061,0.0002,0.930249,0.0402156,6779.92,504.101,3577.93,840.948,5304.43,816.41,1065.55,0.969284,-23.9071,0.262787,26.0989,9.3562,43.7205,9.35989,340279,1.9098,-9.00998e-05,0.169341
menh2,123,1242.26,287.568,-5289.53,243.824,-754.778,643.419,958.626,0.27722,-15.6038,0.0855194,29.397,2.33921,42.9555,2.34077,177421,0,0.982077,0.0215939,-4982.77,267.71,-6355.14,340.782,-3954.84,597.753,953.259,0.320289,-71.2082,0.0839434,-32.4133,2.28196,36.7496,2.2835,177690,0,0.96166,0.0905868
menh2,179,-800.69,329.683,-4944.43,307.185,-4162.35,828.752,938.172,0.312989,-11.4516,0.127757,31.7107,3.44452,40.1858,3.44689,178941,0,0.971557,0.0451073,-3671.74,299.235,-4710.2,412.947,-2747.47,697.529,930.727,0.399888,-67.4153,0.124778,-28.7541,3.56945,35.6847,3.57163,179371,0.0001,0.79951,0.112645
menh2,180,-796.918,310.776,-4899.85,268.688,-4149.08,673.372,937.91,0.313184,-11.3758,0.12555,32.0352,3.5023,40.4179,3.50455,179110,0,0.971402,0.0447767,-3680.92,297.528,-4714.8,439.065,-2757.04,679.593,930.447,0.408349,-67.3346,0.126466,-29.5384,3.56564,34.8031,3.56788,179538,0.0001,0.790212,0.112442
menh2,289,2557.76,610.349,2508.19,610.438,2530.15,577.772,741.603,1.03751,10.3947,0.226495,36.5194,5.60711,21.3191,5.61168,183035,4.633,-0.000320259,0.123168,2840.05,625.01,2825.87,597.053,2878.38,626.432,724.052,0.707558,-47.798,0.218395,-24.6061,5.6306,18.3863,5.63483,183192,5.9135,0.000123952,0.123046
menh2,313,3164.64,638.645,3190.51,633.625,3138.94,657.621,703.613,0.904717,13.4228,0.239681,37.7964,6.16457,19.1689,6.16923,183553,7.0454,-3.94411e-05,0.122935,3605.68,651.38,3558.94,632.423,3528.51,608.854,683.651,0.808902,-44.8489,0.228878,-23.4192,6.18867,16.225,6.1929,183737,8.3896,-4.8024e-05,0.123118
methanol,122,5481.2,379.646,-611.42,498.079,235.701,402.286,1024.6,0.372612,-24.6203,0.0860001,20.17,2.07266,42.7616,2.07444,132363,0,0.952296,0.0435188,4749.84,386.876,-223.936,573.117,440.709,399.326,1021.55,0.405007,-36.4052,0.0870615,4.94596,2.29825,39.3225,2.2999,132409,0,0.943449,0.0403842
methanol,163,6330.54,445.847,887.149,636.63,1671.01,523.855,1002.45,0.526004,-21.8641,0.11191,21.4196,2.72987,40.5733,2.73216,133290,0,0.932148,0.0454749,5792.93,395.605,1107.5,635.765,1912.62,489.506,997.637,0.524943,-33.5987,0.111787,6.32741,2.89572,37.2157,2.89788,133249,-0,0.920417,0.043853
methanol,175,6720.01,450.569,1176.11,633.482,1992.52,512.893,995.562,0.56184,-21.0406,0.1228,21.9961,2.94257,40.1267,2.94513,133525,0,0.925043,0.0458989,6084.13,431.756,1543.98,640.623,2375.7,514.704,990.511,0.571175,-32.7619,0.12214,6.94782,3.14451,36.7998,3.14688,133536,0,0.91271,0.0446651
methanol,176,6716.25,450.809,1416.62,644.09,2155.93,516.104,994.894,0.541224,-20.9721,0.122499,21.9837,2.90948,40.0292,2.91206,133546,0,0.925034,0.046042,6075.61,433.842,1580.19,678.688,2413.27,537.079,989.667,0.610067,-32.6881,0.12287,6.76444,3.06552,36.526,3.06798,133536,0,0.912347,0.0447764
methanol,226,5184.96,541.101,3738.59,687.593,3168.38,629.743,963.745,0.536224,-17.4138,0.157713,23.5891,3.71799,37.2449,3.72133,134321,0,0.891122,0.0505843,5360.51,519.564,4321.06,707.207,3749.67,672.183,865.332,0.765631,-23.9407,0.17621,8.59487,3.80694,28.7776,3.81102,135140,1.293,0.000377844,0.113099
methanol,245,5782.23,525.386,4586.98,709.593,3918.63,659.364,845.841,0.634261,-10.3047,0.186922,24.2438,3.98208,30.4746,3.98646,135543,1.5514,-4.66866e-05,0.113532,6689.41,673.297,6747.15,675.638,6717.75,714.884,843.096,0.770486,-22.1257,0.186265,9.39217,4.17163,27.4439,4.17579,135345,1.9844,-0.000345689,0.113109
naphthalene,295,6106.75,304.679,6587.14,695.486,8252.88,789.17,1251.7,0.34982,9.09225,0.343693,80.7738,11.0739,66.7762,11.0792,455056,0,0.993042,0.0191474,6166.73,307.394,7238.55,782.098,8923.96,851.506,1248.53,0.304873,78.0474,0.342591,145.254,10.8665,62.3013,10.8719,455039,-0,0.992984,0.0194263
naphthalene,353,7346.17,334.997,7869.58,805.267,9649.98,881.735,1237.68,0.365604,20.1346,0.411749,90.3966,13.0651,64.3922,13.0716,456715,0,0.991149,0.0211154,7415.03,318.804,8492.85,828.96,10293.5,939.595,1234.18,0.392396,89.1154,0.403895,155.752,13.4985,60.7668,13.5045,456662,0,0.991,0.0215329
naphthalene,421,8774.79,372.456,9267.55,891.013,11141.2,977.08,1220.12,0.466254,33.2557,0.497036,103.216,15.8649,62.9598,15.8727,458205,-0,0.988307,0.0238368,8852.35,369.037,9996.25,920.951,11785.4,999.053,1216.56,0.498929,102.195,0.483886,167.994,15.9297,58.7985,15.937,458591,0,0.98818,0.0239686
naphthalene,456,9508.4,388.835,10057.6,907.265,11904.2,998.831,1210.33,0.501954,40.0759,0.535039,108.987,17.6858,61.3286,17.6939,459801,-0,0.986352,0.0254342,9582.66,369.2,10727.4,920.432,12578.2,994.206,1206.68,0.585519,109.032,0.530896,174.694,17.608,58.0795,17.616,459398,-0,0.986316,0.0254876
octanoic_acid,170,2023.28,294.671,2424.74,257.324,4796.07,320.951,1047.09,0.165892,-205.189,0.209809,-101.743,7.91407,100.619,7.91685,839444,0.0005,0.997882,0.0384081,1998.37,312.671,2415.07,265.342,4805.12,305.666,1046.01,0.148269,-234.819,0.206947,-129.19,7.90381,102.802,7.90652,839714,0,0.997909,0.035204
octanoic_acid,289,4644.72,397.722,5318.37,334.934,6541.48,435.075,1006.56,0.26717,-172.982,0.359034,-69.3265,13.1882,98.8499,13.1931,849567,-0,0.995181,0.0479518,4651.04,368.067,5285.9,323.26,6469.04,438.268,1004.3,0.304457,-202.955,0.362142,-99.086,13.2452,99.0634,13.2501,851812,-0,0.994431,0.0631509
octanoic_acid,344,6101.15,450.678,6390.06,366.662,7300.02,468.949,970.438,0.319021,-153.989,0.450294,-54.6384,15.6124,93.6305,15.6189,853282,-0,0.989655,0.0616255,5944.56,409.578,6378.89,355.815,7264.42,485.155,968.135,0.540907,-183.319,0.45659,-86.926,15.6948,90.6729,15.7014,855747,0,0.98876,0.0740753
octanoic_acid,372,6756.2,458.171,7003.59,384.825,7755.72,477.526,847.638,0.366809,-120.358,0.509856,-48.9909,16.6601,65.1814,16.6679,863304,0.4719,0.159804,0.44577,6738.15,471.353,6993.54,391.502,7735.13,485.019,845.812,0.527331,-148.756,0.5185,-78.9935,16.9716,63.5768,16.9795,864499,0.4957,0.112792,0.442459
pentane,90,1580.28,174.322,-2520.57,266.591,1298.68,320.548,872.288,0.166469,-24.2829,0.0890067,22.5999,3.04097,45.3863,3.04227,500283,0,0.9969,0.0139542,1610.73,164.351,-2505.11,244.987,1186.62,321.087,872.723,0.164762,-52.5977,0.0907036,-5.76643,3.06532,45.3347,3.06666,500131,-0,0.996889,0.0139103
pentane,143,3398.03,216.172,-1136.38,304.161,2718.78,398.898,850.563,0.239106,-15.1925,0.141249,32.7375,4.84491,45.5522,4.84697,505010,-0,0.994396,0.0292156,3400.59,213.678,-1148.75,310.437,2592.64,430.844,851.006,0.215362,-43.4924,0.141291,1.9833,4.91516,43.0979,4.91719,505261,0,0.994414,0.0298474
pentane,205,5473.55,252.371,415.194,358.769,4263.03,499.953,815.356,0.852198,-3.53318,0.219064,40.7444,7.40105,40.8688,7.40429,509623,0,0.989228,0.0457122,5479.55,239.616,417.178,385.71,4182.73,503.083,815.904,0.786942,-31.8409,0.214707,11.2752,7.27147,39.7073,7.27464,509384,0,0.989132,0.04586
pentane,222,6016,274.089,832.849,408.283,4721.51,526.499,680.34,0.411635,12.0465,0.226833,41.8114,7.82064,26.0734,7.82393,515271,1.3661,0.000354072,0.26346,6001.97,269.035,845.21,382.672,4635.71,509.476,680.421,0.32498,-16.3761,0.227037,14.8759,8.04565,27.5605,8.04885,515168,1.4782,-0.00199435,0.264321
phenol,123,-873.125,421.862,-1088.61,379.093,-1538.91,227.002,1217.64,0.218605,-109.451,0.101435,-37.3522,3.84341,70.0535,3.84475,477100,-0,0.991311,0.0238216,-1351.37,392.737,-951.692,389.755,-1394.32,251.296,1215.6,0.254978,-183.932,0.100503,-117.126,3.81899,64.7607,3.82031,476991,-0,0.99244,0.0213797
phenol,290,1719.56,671.837,2216.88,614.556,1918.65,382.196,1154.39,0.832027,-83.7831,0.249859,-18.1346,9.20747,60.8263,9.21086,486463,0.0011,0.902347,0.0666866,2061.15,620.005,2580.34,567.616,2131.71,354.748,1134.18,0.462344,-157.742,0.247912,-97.9407,9.12632,54.9791,9.12969,486209,0.0004,0.906023,0.0445397
phenol,314,1975.71,637.76,2688.53,610.717,2527.19,383.772,1139.27,0.934883,-79.526,0.275866,-15.9903,9.59639,58.3144,9.60035,487415,0.0024,0.829861,0.0773543,2469.84,656.51,3056.4,631.9,2673.62,393.26,1121.87,0.524133,-153.587,0.275077,-94.1001,9.79118,54.2656,9.79504,487071,0.0007,0.866327,0.055032
phenol,323,2113.13,676.576,2838.48,630.819,2774.88,412.299,1132.25,0.716249,-77.7589,0.285678,-13.9312,10.1383,58.4568,10.1423,487288,0.0025,0.777554,0.0868294,2572.18,648.535,3295.49,647.182,2895.8,396.704,1116.92,0.616695,-151.851,0.283171,-91.9954,10.5192,54.4847,10.523,487462,0.0009,0.827966,0.0656092
phenol,350,2472.37,674.325,3387.17,659.403,3473.89,420.097,1019.33,0.737022,-63.0968,0.315761,-11.9751,10.7722,45.3018,10.7768,491775,0.8797,0.00147321,0.237666,3060.49,723.109,3787.82,645.627,3503.03,436.798,996.778,0.746363,-134.858,0.313332,-89.269,11.1664,39.7691,11.1708,491999,1.5116,7.17964e-05,0.236838
propane,30,648.72,99.3949,-1378.74,218.512,-2165.36,180.813,816.689,0.0944768,-22.923,0.0238463,7.22155,0.782572,29.6457,0.782935,314940,0,0.99634,0.00954438,613.949,99.6495,-1635.17,196.866,-2273.32,159.335,818.171,0.0778106,-68.3473,0.0235678,-38.1419,0.769715,29.7066,0.770076,315118,0,0.996497,0.00918955
propane,85,3244.65,154.618,258.133,371.947,-59.6566,278.832,787.625,0.296142,-16.9028,0.0664259,11.6676,2.20053,27.157,2.20153,321665,0,0.986609,0.0145601,3270.09,152.645,23.3623,363.609,-92.7469,267.807,788.59,0.240255,-62.3317,0.0680084,-33.5921,2.24559,27.3262,2.24662,321826,-0,0.986657,0.0140479
propane,86,3256.05,154.094,255.795,338.23,-40.0275,260.714,787.038,0.251964,-16.7934,0.0682694,11.5726,2.19257,26.936,2.19363,321673,0,0.986522,0.0142688,3308.37,157.589,31.9246,391.514,-87.3607,284.302,788.031,0.271724,-62.2194,0.069128,-33.7254,2.23923,27.064,2.2403,321909,-0,0.986419,0.0141159
propane,108,4224.97,167.97,915.642,397.323,767.737,320.1,775.553,0.284478,-14.4129,0.0845216,13.4226,2.74123,26.0396,2.74253,323047,0,0.978226,0.0349486,4250.72,178.193,676.341,432.883,731.358,300.441,773.92,0.322526,-59.6504,0.0858469,-31.7464,2.86218,26.1081,2.86347,323558,-0,0.979616,0.0169635
propane,117,4551.52,184.79,1125.02,438.447,1066.84,328.913,768.562,0.308766,-13.2925,0.0943343,14.2262,3.07406,25.5732,3.07551,323731,0,0.971436,0.0371542,4604.88,187.171,895.163,450.136,1046,333.202,766.449,0.44495,-58.4922,0.0960585,-31.1832,3.03535,25.3635,3.03687,323947,0,0.957564,0.0221298
pyridine,153,1619.38,536.596,938.525,521.771,-693.476,393.157,1178.68,0.525249,-91.5112,0.124406,-36.265,4.20979,52.7021,4.21163,346338,0,0.986673,0.0290929,1570,504.296,585.606,479.123,-940.452,391.051,1179.64,0.623787,-373.528,0.122822,-321.349,4.17099,49.6349,4.1728,346678,0,0.986081,0.025463
pyridine,231,3874.73,634.06,3141.25,652.952,1504.94,480.068,1142.33,0.707647,-81.6039,0.184989,-29.6886,6.28046,48.0742,6.28318,349738,0,0.975497,0.0317696,3874.71,623.721,2776.39,586.932,1297.46,452.265,1141.36,0.938148,-363.557,0.189387,-313.999,6.56661,45.7169,6.56934,349743,0,0.973754,0.0292473
pyridine,232,3864.35,624.617,3129.7,712.101,1532.98,498.529,1141.99,0.646691,-81.4782,0.187927,-29.0059,6.41833,48.6145,6.42108,349272,0,0.97522,0.0317766,3830.65,616.488,2802.73,618.431,1308.97,513.462,1141.11,0.865734,-363.438,0.190364,-313.798,6.60842,45.7822,6.61116,349795,-0,0.973479,0.0290306
pyridine,292,5543.47,678.997,4737.64,668.728,3164.24,560.484,1105.15,1.12613,-73.1255,0.246033,-23.3067,8.26515,44.9633,8.26881,351459,0,0.955995,0.0436249,5448.89,698.02,4403.9,673.034,2956.09,533.718,972.81,1.13221,-344.608,0.236016,-308.405,8.26635,31.3475,8.26972,353159,1.4762,-5.07186e-05,0.20048
pyridine,317,6205.72,743.816,5373.88,724.97,3820,526.774,956.209,1.20244,-58.9629,0.260978,-20.8251,8.86303,32.8666,8.86687,354016,1.8213,0.000286168,0.201344,6284.73,766.619,5170.14,678.884,3765.5,568.636,943.205,1.65091,-340.585,0.260333,-305.639,8.83516,29.6748,8.83899,354388,2.3963,0.000315229,0.200517
succinic_acid,295,2841.64,569.785,5565.27,675.548,7737.75,554.844,1503.3,0.26972,-434.24,0.296911,-308.086,9.82949,121.249,9.83397,371405,-0,0.995432,0.0268879,5236.89,536.854,5796.69,649.336,9927.37,528.906,1496.89,0.313235,-394.036,0.298734,-276.527,10.1188,112.604,10.1232,371300,-0,0.995218,0.0273374
succinic_acid,298,2862.08,570.977,5648.61,666.215,7807.58,552.628,1502.15,0.256019,-433.751,0.3028,-308.247,9.66471,120.549,9.66945,371593,-0,0.995364,0.0269885,5351.77,552.863,5897.12,680.403,10086.6,534.03,1495.83,0.272416,-393.558,0.301764,-275.833,10.2894,112.77,10.2938,371770,-0,0.995156,0.0274076
succinic_acid,470,8957.78,715.634,10726.2,842.3,13849.5,688.223,1428.25,0.528611,-403.79,0.497692,-285.83,15.1516,110.145,15.1598,375264,0.0001,0.989003,0.0365902,11424.1,729.028,11118.5,835.636,16174.8,703.641,1416.77,0.800834,-362.876,0.504819,-254.04,14.8629,101.021,14.8715,375241,0.0001,0.985529,0.0388259
succinic_acid,495,9869.95,682.236,11385.4,887.219,14734,672.947,1414.48,0.685908,-398.771,0.534592,-283.581,15.9429,106.959,15.9519,375513,0.0001,0.985768,0.0403958,12348.6,705.903,11772.1,880.252,17047.2,694.881,1401.5,0.825164,-357.61,0.553729,-250.882,16.2315,98.497,16.2409,375643,0.0001,0.981563,0.0426503
succinic_acid,509,10381.8,736.887,11883.7,934.328,15290.1,696.014,1406.52,0.570279,-395.902,0.534924,-281.008,16.2763,106.43,16.2851,375877,0.0001,0.983046,0.0421239,12763.7,754.537,12171.6,889.727,17545.1,706.981,1391.43,1.27553,-354.292,0.592283,-247.943,16.7401,97.8852,16.7506,375761,0.0001,0.979157,0.0447413
uracil,295,2330.42,825.772,-2798.74,956.886,1874.43,260.801,1598.74,0.295382,-783.712,0.270608,-652.424,9.09829,126.383,9.10231,372028,0,0.990748,0.0391913,3609.47,816.068,831.475,962.923,1951.7,248.428,1595.11,0.382635,-819.928,0.264603,-701.092,9.32681,113.931,9.33056,372242,-0,0.989355,0.0374306
uracil,298,2171.83,761.524,-3411.67,983.914,3212.66,313.73,1588.01,0.332805,-783.762,0.269307,-651.705,9.00692,127.102,9.01095,372478,-0,0.991018,0.0506392,4059.55,888.201,739.618,944.065,1797.15,254.75,1593.37,0.380088,-819.443,0.264959,-701.815,8.91018,112.673,8.91412,372689,-0,0.989157,0.0374152
uracil,425,5226.14,959.652,-1737.86,1153.12,4586.9,311.035,1572.21,0.515354,-765.584,0.37676,-637.822,13.2011,120.695,13.2065,375213,-0,0.983868,0.0394067,5912.61,897.075,3158.12,1105.31,5943.87,363.011,1545.73,0.464425,-801.307,0.378987,-687.588,13.0248,106.652,13.0303,375613,0,0.9835,0.0445558
uracil,611,9274.28,1205.93,2941.62,1428.08,8998.56,403.374,1509.49,0.730327,-737.594,0.569059,-617.765,18.4917,109.669,18.5005,378552,0,0.972398,0.04639,12040,736.996,6062.09,1383.26,8383.92,856.578,1497.2,0.67457,-775.3,0.553377,-668.004,18.31,97.1361,18.3184,379377,0,0.974234,0.0672328
uracil,907,17288.7,1536.08,10917.3,1702.63,14406.4,500.947,1017.32,1.16884,-650.217,0.823961,-585.719,27.8078,49.4161,27.82,386559,8.4865,4.31737e-05,0.248979,17602.8,1379.67,13870.5,1882.37,16163.5,560.51,935.729,0.861197,-687.105,0.815723,-633.464,27.4125,38.5591,27.4246,386832,12.1684,-0.000308064,0.248852
uracil,983,18910,1547.42,12763,1794.77,16079.6,538.456,915.84,0.904251,-634.237,0.89628,-575.23,30.7887,42.6614,30.8017,387632,13.558,5.76846e-05,0.249341,19837.5,1446.14,17092.2,1775.04,18329.7,675.098,767.072,2.50685,-669.165,0.896456,-625.673,30.4622,27.1464,30.4754,388278,23.4913,-0.000177365,0.248935
