#molecule,temp,vector,a0,tau,S0
ethyne,142,acf,0.035768,0.0505291,0.964232
ethyne,147,acf,0.0440519,0.0526985,0.955948
ethyne,152,acf,0.0431408,0.0502754,0.956859
ethyne,157,acf,0.0525426,0.399515,0.947412
ethyne,162,acf,0.0529374,0.235972,0.947062
ethyne,167,acf,0.238802,5420.09,0.705621
ethyne,172,acf,0.743696,1275.26,0.159216
ethyne,177,acf,0.995695,1.2173,3.13967e-05
ethyne,182,acf,0.996658,1.13469,-2.89954e-06
ethyne,187,acf,0.997708,1.05506,2.32212e-05
ethyne,197,acf,0.99859,0.949714,2.01845e-05
ethyne,202,acf,0.998953,0.887805,5.08348e-05
ethyne,207,acf,0.999243,0.839786,3.72209e-05
ethyne,212,acf,0.999467,0.792441,2.38575e-05
ethyne,217,acf,0.999601,0.76021,1.7166e-05
ethyne,222,acf,0.999714,0.726072,1.40629e-06
ethyne,227,acf,0.999772,0.687212,3.54815e-05
ethyne,232,acf,0.999828,0.663009,9.77357e-06
ethyne,237,acf,0.99992,0.623739,1.3949e-05
ethyne,242,acf,0.999965,0.600462,-1.21101e-05
furan,122,acf,0.567716,586.059,0.347266
furan,122,plane,0.460549,785.636,0.461941
furan,127,acf,0.688156,496.799,0.198643
furan,127,plane,0.533929,617.622,0.369303
furan,132,acf,0.823594,283.02,0.0449892
furan,132,plane,0.798628,421.396,0.0746691
furan,137,acf,0.870842,174.637,0.0107324
furan,137,plane,0.868366,244.052,-0.000457388
furan,142,acf,0.871669,126.343,0.00534983
furan,142,plane,0.856672,173.96,0.00414165
furan,147,acf,0.877572,88.5235,0.000918214
furan,147,plane,0.857384,118.053,-0.000744173
furan,152,acf,0.876359,67.0635,0.00190475
furan,152,plane,0.866538,82.2466,0.00173822
furan,157,acf,0.87891,49.3108,0.000588509
furan,157,plane,0.868974,58.7621,-0.000373774
furan,162,acf,0.882099,40.0318,0.00219266
furan,162,plane,0.866572,47.7778,0.00177256
furan,167,acf,0.887642,32.4964,0.000160805
furan,167,plane,0.867654,38.5794,-0.000156531
furan,172,acf,0.886082,27.2619,0.000905016
furan,172,plane,0.868031,31.3755,0.000531074
furan,177,acf,0.896043,22.3409,0.000827835
furan,177,plane,0.87772,25.4396,0.000742399
furan,182,acf,0.898722,19.0774,-3.12829e-05
furan,182,plane,0.882218,21.0811,0.00061739
furan,192,acf,0.905559,14.588,0.000543468
furan,192,plane,0.885081,15.9465,0.00120992
furan,197,acf,0.910674,12.6582,0.000518494
furan,197,plane,0.89368,13.6238,0.000387944
furan,202,acf,0.915403,11.3384,0.000933115
furan,202,plane,0.89866,12.2144,0.000723465
furan,207,acf,0.920104,9.90686,0.000517498
furan,207,plane,0.903366,10.5555,0.00057512
furan,212,acf,0.925392,8.88537,0.00036443
furan,212,plane,0.90981,9.41661,0.000659734
furan,217,acf,0.928866,8.07318,0.000390394
furan,217,plane,0.912391,8.527,0.000744624
furan,222,acf,0.932278,7.39302,0.000411188
furan,222,plane,0.917261,7.77739,0.000556549
furan,227,acf,0.936241,6.65827,0.000585637
furan,227,plane,0.923867,6.92622,0.000295065
furan,232,acf,0.939989,6.20356,0.000409303
furan,232,plane,0.928954,6.39615,0.000327437
furan,237,acf,0.946023,5.63649,0.000452797
furan,237,plane,0.932943,5.85474,0.00037717
formaldehyde,131,acf,0.249479,1.88469,0.729567
formaldehyde,131,plane,0.90907,2.36129,0.00242698
formaldehyde,136,acf,0.265451,1.18437,0.727689
formaldehyde,136,plane,0.963628,1.49315,0.00191373
formaldehyde,141,acf,0.266917,1.40116,0.720489
formaldehyde,141,plane,0.948171,1.64545,0.0024577
formaldehyde,146,acf,0.272097,1.07142,0.7224
formaldehyde,146,plane,0.97107,1.33521,0.0013927
formaldehyde,151,acf,0.276696,0.949593,0.719468
formaldehyde,151,plane,0.97681,1.20304,0.00127402
formaldehyde,156,acf,0.284472,0.795633,0.713735
formaldehyde,156,plane,0.989359,0.979346,0.000885124
formaldehyde,161,acf,0.285413,0.78803,0.712746
formaldehyde,161,plane,0.989077,0.971794,0.000539873
formaldehyde,166,acf,0.905916,4.07035,0.000917056
formaldehyde,166,plane,0.989989,1.12851,0.000200315
formaldehyde,171,acf,0.914617,3.68354,0.000550448
formaldehyde,171,plane,0.992025,1.05417,7.63861e-05
formaldehyde,176,acf,0.925228,3.28488,0.000470116
formaldehyde,176,plane,0.993957,0.980718,6.38915e-05
formaldehyde,181,acf,0.901099,3.75505,0.00117385
formaldehyde,181,plane,0.989504,1.06616,0.000251652
formaldehyde,186,acf,0.945056,2.62026,0.000134437
formaldehyde,186,plane,0.996424,0.858198,9.97301e-05
formaldehyde,191,acf,0.953553,2.35397,0.000279343
formaldehyde,191,plane,0.997513,0.80077,-6.18179e-06
formaldehyde,196,acf,0.959182,2.16986,0.000326638
formaldehyde,196,plane,0.997928,0.760494,8.65135e-05
formaldehyde,201,acf,0.965386,1.97658,0.000303913
formaldehyde,201,plane,0.998513,0.717259,-9.83825e-06
formaldehyde,206,acf,0.969615,1.83959,0.000237416
formaldehyde,206,plane,0.99888,0.679541,1.24872e-07
formaldehyde,211,acf,0.974077,1.70784,0.000306241
formaldehyde,211,plane,0.999109,0.648816,3.56744e-05
formaldehyde,216,acf,0.97881,1.56849,0.000281442
formaldehyde,216,plane,0.999363,0.608797,4.71191e-05
formaldehyde,221,acf,0.980818,1.49434,0.000155557
formaldehyde,221,plane,0.999394,0.591029,0.000112828
formaldehyde,226,acf,0.984138,1.39639,4.5088e-05
formaldehyde,226,plane,0.999683,0.563393,-8.27802e-06
formaldehyde,231,acf,0.986555,1.30983,0.000223896
formaldehyde,231,plane,0.999655,0.537733,8.80423e-05
urea,356,acf,0.0517031,0.31275,0.948292
urea,356,plane,0.0662144,0.331776,0.933777
urea,361,acf,0.0512476,0.189187,0.948752
urea,361,plane,0.065771,0.232952,0.934229
urea,366,acf,0.0549904,0.34823,0.944996
urea,366,plane,0.0704601,0.365626,0.929516
urea,371,acf,0.0568469,0.392846,0.94312
urea,371,plane,0.0728097,0.411528,0.927134
urea,376,acf,0.0583373,0.384667,0.941634
urea,376,plane,0.0746806,0.400216,0.925273
urea,381,acf,0.0603533,0.430376,0.93958
urea,381,plane,0.077254,0.44611,0.922643
urea,386,acf,0.0636634,0.510103,0.936149
urea,386,plane,0.0814834,0.523707,0.918246
urea,391,acf,0.0650936,0.545427,0.93464
urea,391,plane,0.0832215,0.562547,0.91639
urea,396,acf,0.0692149,0.847093,0.928991
urea,396,plane,0.0883253,0.883808,0.909075
urea,401,acf,0.0827597,143.498,0.863409
urea,401,plane,0.103995,140.068,0.827157
urea,406,acf,0.077785,100.159,0.868167
urea,406,plane,0.0992726,99.8631,0.831637
urea,411,acf,0.0869045,103.785,0.85746
urea,411,plane,0.110627,102.965,0.818219
urea,416,acf,0.103662,133.931,0.838231
urea,416,plane,0.132089,133.612,0.793718
urea,421,acf,0.19764,185.456,0.743186
urea,421,plane,0.249884,182.981,0.674315
urea,426,acf,0.172584,148.794,0.766674
urea,426,plane,0.21908,147.299,0.703232
urea,431,acf,0.293804,196.794,0.64278
urea,431,plane,0.372877,195.284,0.546032
urea,441,acf,0.924657,6.53456,0.00555868
urea,441,plane,0.929727,4.75395,0.00211439
urea,446,acf,0.924904,6.20173,0.0046289
urea,446,plane,0.936371,4.4026,0.000489414
urea,451,acf,0.929418,5.96083,0.00358673
urea,451,plane,0.935932,4.23075,0.00350451
urea,456,acf,0.930092,5.66445,0.00371108
urea,456,plane,0.938076,4.05107,0.00219696
123-benzenetriol,408,acf,0.912729,71.3325,0.000692195
123-benzenetriol,408,plane,0.900422,76.2174,0.000107611
123-benzenetriol,413,acf,0.914095,61.7998,0.0003846
123-benzenetriol,413,plane,0.896909,67.0295,-0.000800799
123-benzenetriol,418,acf,0.916652,53.8376,0.00167542
123-benzenetriol,418,plane,0.901063,57.9585,-0.000338765
123-benzenetriol,423,acf,0.917618,49.0782,-0.000737594
123-benzenetriol,423,plane,0.905421,50.8911,0.000512613
123-benzenetriol,428,acf,0.922398,42.956,0.000402846
123-benzenetriol,428,plane,0.902692,45.4292,0.00148801
123-benzenetriol,433,acf,0.922752,38.7269,0.00123146
123-benzenetriol,433,plane,0.90662,40.3598,0.00158364
123-benzenetriol,438,acf,0.919708,36.0845,0.000808134
123-benzenetriol,438,plane,0.905739,37.3265,0.000129073
123-benzenetriol,443,acf,0.926888,31.8223,0.000706531
123-benzenetriol,443,plane,0.908773,33.2111,0.00152006
123-benzenetriol,448,acf,0.926458,29.5518,-0.000786245
123-benzenetriol,448,plane,0.912668,30.3206,2.53535e-05
123-benzenetriol,453,acf,0.92917,27.3282,-0.000183637
123-benzenetriol,453,plane,0.915527,28.0136,-0.000730022
12-benzenediol,372,acf,0.0183574,0.345795,0.98164
12-benzenediol,372,plane,0.0298852,0.0528324,0.970115
12-benzenediol,377,acf,0.0192613,0.403459,0.980729
12-benzenediol,377,plane,0.0308113,0.195848,0.969189
12-benzenediol,387,acf,0.0179686,0.224526,0.982031
12-benzenediol,387,plane,0.0305001,0.0483241,0.9695
12-benzenediol,397,acf,0.904129,33.8163,0.000711629
12-benzenediol,397,plane,0.899587,31.3246,0.00013669
12-benzenediol,402,acf,0.908503,30.4865,0.00104104
12-benzenediol,402,plane,0.900316,28.6979,-0.000181912
12-benzenediol,407,acf,0.914108,27.162,0.000964587
12-benzenediol,407,plane,0.903182,25.7915,0.000615437
12-benzenediol,412,acf,0.915768,24.4722,0.0012804
12-benzenediol,412,plane,0.90588,23.2547,0.000150904
12-benzenediol,422,acf,0.919708,20.546,-0.000132375
12-benzenediol,422,plane,0.910018,19.5022,-0.000229531
14-benzoquinone,368,acf,0.0283914,0.330685,0.971607
14-benzoquinone,368,plane,0.0379168,0.0464357,0.962083
14-benzoquinone,378,acf,0.0287037,0.256323,0.971296
14-benzoquinone,378,plane,0.0379074,0.0487844,0.962093
14-benzoquinone,383,acf,0.0303533,0.308641,0.969646
14-benzoquinone,383,plane,0.0401711,0.0476712,0.959829
14-benzoquinone,393,acf,0.0304729,0.252051,0.969527
14-benzoquinone,393,plane,0.0406696,0.04311,0.95933
14-benzoquinone,398,acf,0.0309567,0.253654,0.969043
14-benzoquinone,398,plane,0.0407985,0.0452345,0.959201
14-benzoquinone,403,acf,0.93934,15.8758,1.52908e-05
14-benzoquinone,403,plane,0.920427,13.9592,0.000310191
14-benzoquinone,408,acf,0.940652,14.8829,-5.3735e-05
14-benzoquinone,408,plane,0.923204,13.0112,-5.45192e-05
14-benzoquinone,413,acf,0.943177,13.8461,7.41919e-05
14-benzoquinone,413,plane,0.925234,12.1131,0.000512592
14-benzoquinone,418,acf,0.944454,13.1874,0.000266771
14-benzoquinone,418,plane,0.925848,11.6216,-2.96538e-05
14-benzoquinone,423,acf,0.946826,12.2934,0.000117678
14-benzoquinone,423,plane,0.929778,10.7542,0.000211486
14-benzoquinone,428,acf,0.944275,12.0366,-4.04553e-05
14-benzoquinone,428,plane,0.928528,10.464,0.000540117
14-benzoquinone,433,acf,0.94562,11.4613,-5.00689e-05
14-benzoquinone,433,plane,0.929699,9.98885,0.000365309
14-benzoquinone,438,acf,0.947423,10.7096,0.000313663
14-benzoquinone,438,plane,0.931818,9.34527,0.000171728
acetamide,289,acf,0.084278,308.873,0.867851
acetamide,289,plane,0.11593,266.657,0.812955
acetamide,294,acf,0.0143449,736.488,0.958071
acetamide,294,plane,0.0236351,773.033,0.935596
acetamide,299,acf,0.0147688,243.444,0.955698
acetamide,299,plane,0.0211484,199.02,0.935543
acetamide,304,acf,0.0272432,0.458618,0.972724
acetamide,304,plane,0.0400078,0.439059,0.959953
acetamide,309,acf,0.030687,0.765842,0.968817
acetamide,309,plane,0.0455455,0.88963,0.953155
acetamide,314,acf,0.856439,44.2631,0.00270344
acetamide,314,plane,0.847387,24.8399,0.000825284
acetamide,319,acf,0.860466,38.6576,0.00107213
acetamide,319,plane,0.853364,21.7274,0.000230662
acetamide,324,acf,0.866485,32.8394,0.000628562
acetamide,324,plane,0.858721,18.6235,-0.000204348
acetamide,329,acf,0.866206,28.8024,0.000675643
acetamide,329,plane,0.864485,16.1355,0.000208008
acetamide,334,acf,0.872623,25.3961,-0.000128077
acetamide,334,plane,0.868469,14.3707,0.00122019
acetamide,339,acf,0.873382,22.4481,0.0013721
acetamide,339,plane,0.874033,12.7597,-1.59771e-05
acetamide,344,acf,0.876842,20.0637,5.96354e-05
acetamide,344,plane,0.878416,11.402,0.00010149
acetamide,349,acf,0.881365,17.8307,-8.23718e-05
acetamide,349,plane,0.885127,10.1337,0.000430693
acetamide,359,acf,0.886222,14.587,0.000371285
acetamide,359,plane,0.894339,8.32139,0.000420025
acetamide,374,acf,0.768162,9.9299,0.13895
acetamide,374,plane,0.889221,7.33388,0.00209381
acetamide,379,acf,0.902163,10.1196,0.000516418
acetamide,379,plane,0.914912,5.87047,0.00047998
acetamide,384,acf,0.904188,9.41416,0.000345654
acetamide,384,plane,0.919021,5.46227,0.000133231
acetamide,389,acf,0.908407,8.64669,0.000390256
acetamide,389,plane,0.924564,5.03044,0.000259574
acetamide,394,acf,0.913179,7.95722,0.000240798
acetamide,394,plane,0.928999,4.66399,-6.70234e-05
acetamide,399,acf,0.914906,7.43747,0.000296396
acetamide,399,plane,0.932872,4.35522,0.00020319
acetamide,404,acf,0.91757,6.95461,0.000160265
acetamide,404,plane,0.937239,4.06936,8.59472e-05
acooh,294,acf,0.771175,133.587,0.028395
acooh,294,plane,0.751587,62.4882,0.00284626
acooh,299,acf,0.78416,95.2717,0.0178236
acooh,299,plane,0.760936,42.8598,0.00408252
acooh,334,acf,0.822032,30.663,0.0042467
acooh,334,plane,0.819494,13.3412,0.000484391
acooh,339,acf,0.822385,27.9893,0.00256782
acooh,339,plane,0.822708,11.984,0.000853343
benzene,178,acf,0.616528,1632.13,0.359552
benzene,178,plane,0.0207838,0.425024,0.979196
benzene,203,acf,0.959714,706.259,0.0131338
benzene,203,plane,0.0227217,0.0508204,0.977278
benzene,208,acf,0.69158,300.656,0.0390931
benzene,208,plane,0.454104,657.458,0.414046
benzene,213,acf,0.734442,274.485,0.0095826
benzene,213,plane,0.470748,750.238,0.380796
benzene,218,acf,0.767134,231.667,0.0220619
benzene,218,plane,0.372421,834.1,0.49302
benzene,223,acf,0.986323,266.503,-0.0078624
benzene,223,plane,0.0264796,0.0510889,0.97352
benzene,228,acf,0.962298,197.962,0.00319697
benzene,228,plane,0.0315904,0.449072,0.968374
benzene,233,acf,0.969659,174.723,-0.000250722
benzene,233,plane,0.0298085,0.23723,0.970191
benzene,238,acf,0.976115,140.525,-0.00760174
benzene,238,plane,0.0324607,0.354271,0.967533
benzene,243,acf,0.970803,112.451,0.00563367
benzene,243,plane,0.0341457,0.389868,0.96584
benzene,248,acf,0.96766,98.2388,-0.000690502
benzene,248,plane,0.0328299,0.046823,0.96717
benzene,253,acf,1.00222,1.89907,-6.9957e-05
benzene,253,plane,0.987082,2.86865,7.62927e-05
benzene,258,acf,1.00212,1.89673,-5.29785e-06
benzene,258,plane,0.987567,2.85602,-2.15967e-05
benzene,263,acf,1.00202,1.9018,-2.77994e-05
benzene,263,plane,0.987174,2.87315,-2.55519e-05
benzene,268,acf,1.00192,1.92186,1.29825e-05
benzene,268,plane,0.986632,2.90833,0.000123075
benzene,273,acf,1.00161,1.93134,5.14867e-05
benzene,273,plane,0.986573,2.92127,1.15697e-05
benzene,283,acf,1.00167,1.91912,4.66735e-05
benzene,283,plane,0.986367,2.90245,-4.9895e-06
benzene,288,acf,1.00177,1.91579,3.25464e-05
benzene,288,plane,0.986403,2.90087,-1.32539e-05
benzene,293,acf,1.00187,1.91845,-3.53495e-05
benzene,293,plane,0.986661,2.9061,-1.02378e-05
benzene,298,acf,1.00198,1.90917,-2.26599e-05
benzene,298,plane,0.986854,2.88613,3.51092e-06
benzene,303,acf,1.00193,1.89987,6.6835e-06
benzene,303,plane,0.986995,2.8636,0.000112938
benzene,308,acf,1.00206,1.91583,-4.60926e-05
benzene,308,plane,0.986396,2.9014,7.61596e-05
benzene,313,acf,1.00182,1.91875,1.30977e-05
benzene,313,plane,0.986941,2.89865,3.06716e-05
benzene,318,acf,1.00199,1.9202,1.36824e-06
benzene,318,plane,0.986446,2.90768,-6.02055e-05
benzene,323,acf,1.00193,1.90993,-2.66507e-05
benzene,323,plane,0.986641,2.88904,0.000119538
benzene,328,acf,1.0019,1.8973,2.55957e-05
benzene,328,plane,0.987101,2.86342,2.11249e-05
cyclohexane,179,acf,0.0124602,882.454,0.974527
cyclohexane,179,plane,0.0187638,0.977764,0.980491
cyclohexane,184,acf,0.0136843,0.69343,0.986146
cyclohexane,184,plane,0.0162603,0.312186,0.983738
cyclohexane,189,acf,0.0128397,0.377232,0.987154
cyclohexane,189,plane,0.0155649,0.0488609,0.984435
cyclohexane,194,acf,0.277479,119.325,0.605164
cyclohexane,194,plane,0.143939,243.127,0.761973
cyclohexane,199,acf,0.806797,22.3496,0.0401374
cyclohexane,199,plane,0.637722,30.4016,0.125346
cyclohexane,204,acf,0.743213,28.0555,0.0938125
cyclohexane,204,plane,0.567015,39.0792,0.195936
cyclohexane,209,acf,0.422713,71.0873,0.356057
cyclohexane,209,plane,0.304818,87.5278,0.503293
cyclohexane,214,acf,0.876893,16.4641,0.0214787
cyclohexane,214,plane,0.786014,16.0233,0.0761514
cyclohexane,219,acf,0.87706,15.4837,0.0190129
cyclohexane,219,plane,0.771797,15.4883,0.0807085
cyclohexane,224,acf,0.957687,10.4068,-0.000252294
cyclohexane,224,plane,0.909204,10.7989,0.000904831
cyclohexane,229,acf,0.966551,9.29662,0.000167664
cyclohexane,229,plane,0.936142,8.74478,0.000360296
cyclohexane,234,acf,0.967322,8.6282,0.000362424
cyclohexane,234,plane,0.93812,8.11999,1.3941e-05
cyclohexane,239,acf,0.971668,7.94318,-0.000279989
cyclohexane,239,plane,0.948545,7.22082,0.00028057
cyclohexane,244,acf,0.972385,7.45437,0.000161281
cyclohexane,244,plane,0.950333,6.75411,0.000361553
cyclohexane,249,acf,0.975257,6.91295,0.000208031
cyclohexane,249,plane,0.956056,6.18317,0.00025336
cyclohexane,254,acf,0.979526,6.33721,-7.81405e-05
cyclohexane,254,plane,0.968476,5.44746,2.40097e-05
cyclohexane,259,acf,0.976578,6.18801,0.000324964
cyclohexane,259,plane,0.95483,5.67784,0.000182047
cyclohexane,264,acf,0.980427,5.73074,6.38163e-05
cyclohexane,264,plane,0.964639,5.06735,-7.13243e-05
cyclohexane,269,acf,0.980016,5.45511,7.48626e-05
cyclohexane,269,plane,0.963112,4.88404,0.000145522
cyclohexane,274,acf,0.987246,4.97833,-8.20531e-05
cyclohexane,274,plane,0.97796,4.23549,6.42253e-05
cyclohexane,284,acf,0.98788,4.50422,0.000177976
cyclohexane,284,plane,0.980461,3.83651,-6.82549e-05
cyclohexane,289,acf,0.986335,4.37302,9.47863e-05
cyclohexane,289,plane,0.974099,3.85074,0.000136582
cyclohexane,294,acf,0.990545,4.03326,-4.78717e-05
cyclohexane,294,plane,0.984351,3.47737,0.000109247
cyclohexane,299,acf,0.991116,3.93198,0.000143659
cyclohexane,299,plane,0.986276,3.31399,-9.03404e-05
cyclohexane,304,acf,0.985852,3.49342,0.000283625
cyclohexane,304,plane,0.945515,4.44567,0.000284085
cyclohexane,309,acf,0.988139,3.30176,5.14201e-05
cyclohexane,309,plane,0.950524,4.13715,0.000194878
cyclohexane,314,acf,0.989741,3.12942,0.000107883
cyclohexane,314,plane,0.95548,3.85698,2.18667e-05
cyclohexane,319,acf,0.990954,3.00297,-2.2031e-05
cyclohexane,319,plane,0.958245,3.66309,0.000130951
cyclohexane,324,acf,0.992809,2.78963,6.07712e-06
cyclohexane,324,plane,0.963404,3.34396,0.000223749
cyclohexane,329,acf,0.993742,2.71062,-0.000113205
cyclohexane,329,plane,0.96742,3.20851,0.000156806
ethane,50,acf,0.0201232,0.928162,0.97925
ethane,50,plane,0.166505,7619.31,0.80043
ethane,55,acf,0.0110647,564.484,0.96897
ethane,55,plane,0.0332756,580.037,0.928774
ethane,60,acf,0.12268,800.998,0.848018
ethane,60,plane,0.336363,892.944,0.611133
ethane,65,acf,0.220378,1698.81,0.755681
ethane,65,plane,0.669727,1802.46,0.285446
ethane,70,acf,0.272565,461.886,0.693404
ethane,70,plane,0.77099,454.245,0.164144
ethane,75,acf,0.293078,209.007,0.662555
ethane,75,plane,0.804868,194.815,0.114922
ethane,80,acf,0.296699,87.0502,0.658529
ethane,80,plane,0.810244,83.6212,0.1104
ethane,85,acf,0.32967,194.607,0.366967
ethane,85,plane,0.784314,26.8137,0.0721286
ethane,90,acf,0.153873,250.326,0.563348
ethane,90,plane,0.818148,15.1252,0.101318
ethane,95,acf,0.823994,9.57201,0.00701647
ethane,95,plane,0.906311,5.08981,0.00223581
ethane,105,acf,0.905617,5.20187,0.00269221
ethane,105,plane,0.943899,3.33559,0.000970647
ethane,110,acf,0.921663,4.3549,0.0019842
ethane,110,plane,0.952331,2.89166,0.000878372
ethane,115,acf,0.936892,3.67569,0.00148217
ethane,115,plane,0.961697,2.5136,0.000576208
ethane,120,acf,0.948757,3.12511,0.00128942
ethane,120,plane,0.969253,2.1686,0.000592019
ethane,125,acf,0.956436,2.74783,0.00104104
ethane,125,plane,0.974452,1.92595,0.000460403
ethane,130,acf,0.96379,2.43358,0.000917748
ethane,130,plane,0.979547,1.71358,0.000475385
ethane,135,acf,0.962242,2.30188,0.000692018
ethane,135,plane,0.98269,1.48311,0.000369159
ethane,140,acf,0.970292,2.01352,0.000654179
ethane,140,plane,0.986819,1.32527,0.000300486
ethane,145,acf,0.975312,1.82785,0.000514618
ethane,145,plane,0.989705,1.20951,0.000249357
ethane,150,acf,0.97916,1.66561,0.000428585
ethane,150,plane,0.991587,1.1143,0.000207011
ethanol,189,acf,0.447416,248.613,0.140366
ethanol,189,plane,0.547895,49.5768,0.053778
ethanol,194,acf,0.453481,230.167,0.115702
ethanol,194,plane,0.571865,39.7277,0.0429001
ethanol,199,acf,0.478281,212.488,0.0734789
ethanol,199,plane,0.6034,31.2434,0.0302711
ethanol,204,acf,0.474736,188.228,0.0621437
ethanol,204,plane,0.635954,24.0225,0.0252396
ethanol,209,acf,0.491386,166.069,0.0367514
ethanol,209,plane,0.665774,19.2684,0.0182209
12-ethanediamine,259,acf,0.460248,535.566,0.432703
12-ethanediamine,259,plane,0.530534,482.59,0.349311
12-ethanediamine,264,acf,0.625248,478.297,0.247422
12-ethanediamine,264,plane,0.688682,415.222,0.169785
12-ethanediamine,269,acf,0.647397,429.588,0.210153
12-ethanediamine,269,plane,0.711331,378.794,0.128887
12-ethanediamine,279,acf,0.753801,273.801,0.0688159
12-ethanediamine,279,plane,0.782825,222.397,0.0270909
12-ethanediamine,289,acf,0.785583,167.384,0.0205526
12-ethanediamine,289,plane,0.805032,119.567,0.0148542
12-ethanediamine,314,acf,0.817917,48.3289,0.00396717
12-ethanediamine,314,plane,0.847151,34.9861,0.00172799
12-ethanediamine,319,acf,0.824083,40.5587,0.00205716
12-ethanediamine,319,plane,0.845021,30.1978,0.00205876
12-ethanediamine,324,acf,0.831276,32.977,0.00176644
12-ethanediamine,324,plane,0.8592,24.4134,0.000403732
12-ethanediamine,329,acf,0.838342,27.4751,0.00192343
12-ethanediamine,329,plane,0.86231,20.8434,0.000209581
12-ethanediamine,334,acf,0.844886,23.5848,0.000892035
12-ethanediamine,334,plane,0.86833,17.8463,0.000697112
ethylene,59,acf,0.0245665,0.0494717,0.975434
ethylene,59,plane,0.0348997,0.047133,0.9651
ethylene,64,acf,0.0282456,0.0484698,0.971754
ethylene,64,plane,0.0404155,0.0492226,0.959585
ethylene,69,acf,0.0310875,0.0474306,0.968913
ethylene,69,plane,0.0444781,0.046114,0.955522
ethylene,74,acf,0.039871,0.605654,0.959863
ethylene,74,plane,0.0520913,0.311785,0.947904
ethylene,79,acf,0.706036,10447.8,0.250802
ethylene,79,plane,0.176368,4611.47,0.764166
ethylene,84,acf,0.609972,1887.35,0.336337
ethylene,84,plane,0.534411,2448.88,0.397633
ethylene,89,acf,0.868847,626.441,0.0525666
ethylene,89,plane,0.907799,841.55,0.00872216
ethylene,94,acf,0.853299,158.47,0.00652916
ethylene,94,plane,0.896535,198.1,0.0084578
ethylene,104,acf,0.501583,42.8959,0.00467099
ethylene,104,plane,0.463617,66.3466,0.000952831
ethylene,109,acf,0.979078,1.91066,0.000117141
ethylene,109,plane,0.994283,1.1756,6.32936e-05
ethylene,114,acf,0.987564,1.48885,0.000138497
ethylene,114,plane,0.997672,0.939035,-7.19808e-05
ethylene,119,acf,0.99216,1.26474,6.78565e-05
ethylene,119,plane,0.998914,0.809517,5.35287e-07
ethylene,124,acf,0.995168,1.0887,3.28443e-05
ethylene,124,plane,0.999427,0.708429,1.31546e-05
ethylene,129,acf,0.996928,0.957633,1.16963e-05
ethylene,129,plane,0.999742,0.632932,2.08806e-05
ethylene,134,acf,0.998058,0.855817,5.66826e-06
ethylene,134,plane,0.999867,0.572312,1.29365e-05
ethylene,139,acf,0.998539,0.800325,2.33284e-05
ethylene,139,plane,0.999906,0.53887,2.05229e-05
ethylene,144,acf,0.999064,0.726546,1.71557e-05
ethylene,144,plane,0.999933,0.495608,2.22994e-05
ethylene,149,acf,0.999331,0.677317,1.52008e-05
ethylene,149,plane,0.999966,0.466732,9.71188e-06
ethyleneglycol,265,acf,0.845121,105.299,0.00205444
ethyleneglycol,265,plane,0.837001,77.804,0.00266034
ethyleneglycol,270,acf,0.856473,81.2787,0.00154177
ethyleneglycol,270,plane,0.843884,62.2449,0.00107775
ethyleneglycol,275,acf,0.855453,63.5248,0.00168321
ethyleneglycol,275,plane,0.850913,48.0267,0.00136434
ethyleneglycol,280,acf,0.861966,50.2005,0.00168402
ethyleneglycol,280,plane,0.85343,38.4324,0.00103187
ethyleneglycol,285,acf,0.864111,41.3074,0.00292649
ethyleneglycol,285,plane,0.860431,31.6213,0.000652533
ethyleneglycol,290,acf,0.866231,34.4736,0.00147075
ethyleneglycol,290,plane,0.864219,26.1572,0.000514348
ethyleneglycol,295,acf,0.872027,29.085,0.000321072
ethyleneglycol,295,plane,0.86819,22.3,-0.00046926
ethyleneglycol,300,acf,0.873679,24.8877,4.09037e-05
ethyleneglycol,300,plane,0.873617,18.8399,0.000922638
ethyleneglycol,305,acf,0.877653,21.5956,0.000732297
ethyleneglycol,305,plane,0.877761,16.4728,0.000485034
ethyleneglycol,310,acf,0.880208,18.7381,0.000776525
ethyleneglycol,310,plane,0.882051,14.297,0.000117742
formamide,248,acf,0.402042,107.444,0.357096
formamide,248,plane,0.556315,96.5682,0.113469
formamide,253,acf,0.373699,44.6436,0.348764
formamide,253,plane,0.530187,41.8934,0.0842692
formamide,258,acf,0.343866,64.4291,0.382083
formamide,258,plane,0.484896,63.0177,0.124249
formamide,263,acf,0.458477,26.333,0.318567
formamide,263,plane,0.647987,26.1163,0.0307546
formamide,268,acf,0.421271,27.6957,0.322649
formamide,268,plane,0.592963,27.3278,0.0422773
formamide,273,acf,0.491921,94.0405,0.349986
formamide,273,plane,0.703279,93.7803,0.0643864
formamide,278,acf,0.50584,77.4364,0.256512
formamide,278,plane,0.683793,61.3289,0.0198226
formamide,283,acf,0.526985,56.2074,0.235252
formamide,283,plane,0.702259,42.7473,0.0127875
formamide,288,acf,0.519555,45.5746,0.312926
formamide,288,plane,0.740768,43.5208,0.0227514
formamide,293,acf,0.539886,40.8966,0.307307
formamide,293,plane,0.771207,40.6135,0.00465988
formamide,303,acf,0.879141,8.69743,0.000737524
formamide,303,plane,0.908863,5.16481,0.000395836
formamide,308,acf,0.887743,7.71154,0.000800113
formamide,308,plane,0.918003,4.60963,0.0003892
formamide,313,acf,0.892687,7.07058,0.000650148
formamide,313,plane,0.923525,4.24157,0.000104363
formamide,318,acf,0.899384,6.44416,0.00051042
formamide,318,plane,0.930496,3.86812,0.000132559
formamide,323,acf,0.896823,6.18663,0.000815918
formamide,323,plane,0.931774,3.67923,0.000174417
formamide,328,acf,0.906284,5.56452,0.000435662
formamide,328,plane,0.939251,3.34476,0.000162539
formamide,333,acf,0.911363,5.12068,0.000666336
formamide,333,plane,0.944657,3.09301,0.00015408
formamide,338,acf,0.919477,4.66496,0.000349468
formamide,338,plane,0.950268,2.8503,0.00026985
formamide,343,acf,0.925732,4.30328,0.000302352
formamide,343,plane,0.955258,2.64697,0.000159439
formamide,348,acf,0.928646,4.04784,0.000190438
formamide,348,plane,0.959067,2.48402,0.000244969
formic_acid,251,acf,0.678542,167.561,0.0544524
formic_acid,251,plane,0.749073,56.0611,0.00317778
formic_acid,256,acf,0.658905,133.512,0.0647153
formic_acid,256,plane,0.753479,43.8716,0.00440022
formic_acid,266,acf,0.693718,100.174,0.0184711
formic_acid,266,plane,0.772497,29.3991,0.00226923
formic_acid,276,acf,0.698927,69.8232,0.0123223
formic_acid,276,plane,0.795808,19.7549,0.00134179
formic_acid,286,acf,0.705814,54.4263,0.00714974
formic_acid,286,plane,0.810742,14.9647,0.00120142
formic_acid,291,acf,0.712316,44.706,0.00577544
formic_acid,291,plane,0.825031,12.3662,0.000796172
formic_acid,296,acf,0.712658,40.786,0.0056198
formic_acid,296,plane,0.82848,11.2656,0.000739717
formic_acid,301,acf,0.718142,35.6219,0.00512084
formic_acid,301,plane,0.839698,9.79375,0.00067892
formic_acid,306,acf,0.721309,32.0276,0.005837
formic_acid,306,plane,0.848162,8.81573,0.000593352
formic_acid,311,acf,0.726408,28.763,0.00503307
formic_acid,311,plane,0.856618,7.90795,0.000476899
formic_acid,316,acf,0.726548,26.7606,0.00423736
formic_acid,316,plane,0.863371,7.22982,0.000499865
formic_acid,321,acf,0.726873,24.8944,0.00418619
formic_acid,321,plane,0.868322,6.63191,0.000517312
formic_acid,326,acf,0.729866,22.8679,0.00460044
formic_acid,326,plane,0.876804,6.06408,0.000594915
formic_acid,331,acf,0.720726,22.4085,0.00520503
formic_acid,331,plane,0.882949,5.65213,0.000411709
imidazole,263,acf,0.0892824,255.732,0.837633
imidazole,263,plane,0.113255,279.636,0.794244
imidazole,298,acf,0.861664,28.8034,0.00150177
imidazole,298,plane,0.871553,22.6415,0.000278081
imidazole,308,acf,0.870823,22.3219,0.000949529
imidazole,308,plane,0.880069,17.5821,0.000638002
imidazole,318,acf,0.878365,18.059,0.000759239
imidazole,318,plane,0.887366,14.2451,0.000497832
imidazole,328,acf,0.882856,15.0729,0.000558862
imidazole,328,plane,0.893578,11.8692,-0.000135421
imidazole,333,acf,0.89062,13.6035,0.000220084
imidazole,333,plane,0.899505,10.7623,0.000466748
imidazole,338,acf,0.892187,12.3204,0.000554011
imidazole,338,plane,0.903341,9.71941,-7.13001e-05
imidazole,343,acf,0.895999,11.4604,0.000544834
imidazole,343,plane,0.90744,9.01114,0.000402305
imidazole,348,acf,0.899493,10.6112,0.000613941
imidazole,348,plane,0.909659,8.41964,2.58098e-05
imidazole,353,acf,0.902801,9.74461,0.000214904
imidazole,353,plane,0.914331,7.68664,0.000275453
imidazole,358,acf,0.90662,9.06869,0.000318544
imidazole,358,plane,0.916805,7.19407,0.000408782
imidazole,368,acf,0.912176,7.93201,0.000362034
imidazole,368,plane,0.92591,6.25027,0.000131021
imidazole,373,acf,0.916117,7.42565,0.000185914
imidazole,373,plane,0.9282,5.87003,0.000403226
imidazole,378,acf,0.918997,6.91791,0.000303575
imidazole,378,plane,0.932486,5.45862,0.000156939
imidazole,383,acf,0.921493,6.58212,0.00021468
imidazole,383,plane,0.934022,5.22348,0.000170912
imidazole,388,acf,0.925083,6.16807,9.07152e-06
imidazole,388,plane,0.938015,4.8829,5.28086e-06
imidazole,393,acf,0.928651,5.79142,0.000267928
imidazole,393,plane,0.941436,4.5994,0.000164452
imidazole,398,acf,0.930996,5.51137,0.000309349
imidazole,398,plane,0.944353,4.38035,1.38836e-05
imidazole,403,acf,0.934094,5.22634,0.000354949
imidazole,403,plane,0.946681,4.16139,0.000196795
imidazole,408,acf,0.936359,4.96123,0.000147677
imidazole,408,plane,0.948915,3.95629,0.000289081
imidazole,413,acf,0.9396,4.69308,0.000249285
imidazole,413,plane,0.952348,3.74095,0.000237825
menh2,209,acf,0.0369198,0.268304,0.96308
menh2,209,plane,0.0382253,0.247858,0.961775
menh2,214,acf,0.0382965,0.269523,0.961703
menh2,214,plane,0.0392703,0.215202,0.96073
menh2,219,acf,0.0386562,0.204852,0.961344
menh2,219,plane,0.0401773,0.22331,0.959823
menh2,224,acf,0.0387392,0.0470001,0.961261
menh2,224,plane,0.0404535,0.0471291,0.959547
menh2,234,acf,0.0435914,0.299515,0.956407
menh2,234,plane,0.0445478,0.291033,0.955451
menh2,249,acf,0.912078,4.69602,0.000308639
menh2,249,plane,0.896477,6.30652,0.000265569
menh2,254,acf,0.920087,4.11445,0.000347108
menh2,254,plane,0.903613,5.50657,0.000137405
menh2,259,acf,0.926076,3.71052,0.000250045
menh2,259,plane,0.906842,4.99229,0.000467448
menh2,264,acf,0.933653,3.28845,0.000159411
menh2,264,plane,0.915445,4.39215,0.000392819
menh2,279,acf,0.957095,2.31602,0.000248628
menh2,279,plane,0.938856,3.06294,0.000186461
menh2,329,acf,0.9929,1.01097,5.53955e-05
menh2,329,plane,0.986012,1.2746,0.000101659
menh2,379,acf,0.999377,0.563883,2.9731e-05
menh2,379,plane,0.998348,0.685929,5.15793e-05
menh2,429,acf,0.999986,0.265942,1.12394e-05
menh2,429,plane,1.00001,0.317411,-1.81471e-05
methanol,161,acf,0.224328,2.99314,0.752676
methanol,161,plane,0.100189,0.401521,0.899768
methanol,171,acf,0.231339,2.20534,0.754507
methanol,171,plane,0.099728,0.250826,0.900272
methanol,181,acf,0.238687,1.76289,0.7512
methanol,181,plane,0.106578,0.24817,0.893422
methanol,191,acf,0.666593,54.7187,0.00326951
methanol,191,plane,0.747607,43.2754,0.00123022
methanol,201,acf,0.687025,34.719,0.00207068
methanol,201,plane,0.763289,27.0031,0.00140253
methanol,211,acf,0.711967,23.4005,0.00182876
methanol,211,plane,0.77865,18.5052,0.000803804
methanol,216,acf,0.719148,19.8359,0.0012831
methanol,216,plane,0.787591,15.4106,0.000933671
naphthalene,303,acf,0.0115004,865.694,0.973141
naphthalene,303,plane,0.018481,0.388145,0.98151
naphthalene,308,acf,0.0144278,0.416893,0.985567
naphthalene,308,plane,0.0167303,0.0538729,0.98327
naphthalene,313,acf,0.0150224,0.531117,0.984943
naphthalene,313,plane,0.017197,0.0515826,0.982803
naphthalene,333,acf,0.00796151,253.598,0.976323
naphthalene,333,plane,0.0191409,0.0551904,0.980859
naphthalene,338,acf,0.0183622,0.771204,0.981417
naphthalene,338,plane,0.0194861,0.0490872,0.980514
naphthalene,343,acf,0.0192077,0.861565,0.980437
naphthalene,343,plane,0.0199984,0.0442453,0.980002
naphthalene,348,acf,0.0191135,0.715995,0.980736
naphthalene,348,plane,0.0215419,0.34457,0.978453
naphthalene,353,acf,0.944971,13.2308,-0.000256332
naphthalene,353,plane,0.929493,27.1704,0.00118854
naphthalene,358,acf,0.948038,12.3953,0.000216229
naphthalene,358,plane,0.933574,24.9959,0.00120413
naphthalene,363,acf,0.938755,12.5621,0.000530637
naphthalene,363,plane,0.917978,25.9227,0.00142104
naphthalene,368,acf,0.955395,10.7773,0.000116079
naphthalene,368,plane,0.937884,21.2136,-0.00068249
naphthalene,373,acf,0.952587,10.5435,-0.000236746
naphthalene,373,plane,0.933819,20.6366,0.00154033
naphthalene,383,acf,0.958565,9.33998,0.000349367
naphthalene,383,plane,0.938031,17.702,0.000870741
naphthalene,388,acf,0.961012,8.79614,0.000247988
naphthalene,388,plane,0.941982,16.3813,0.000364094
naphthalene,393,acf,0.96439,8.33547,-0.000200693
naphthalene,393,plane,0.942852,15.4908,0.000638517
naphthalene,398,acf,0.968444,7.79631,0.000240374
naphthalene,398,plane,0.943297,14.4485,3.77093e-05
naphthalene,403,acf,0.970444,7.44472,0.000118198
naphthalene,403,plane,0.946315,13.5173,0.000483291
octanoic_acid,319,acf,0.634688,546.38,0.281883
octanoic_acid,319,plane,0.648489,147.397,0.04352
octanoic_acid,329,acf,0.679686,468.575,0.228316
octanoic_acid,329,plane,0.627668,118.115,0.0549867
octanoic_acid,334,acf,0.746433,421.619,0.151188
octanoic_acid,334,plane,0.661939,92.0947,0.0185016
octanoic_acid,339,acf,0.77108,382.817,0.12103
octanoic_acid,339,plane,0.657617,75.3628,0.0297697
pentane,148,acf,0.0126231,264.674,0.971903
pentane,148,plane,0.0373437,259.712,0.933465
pentane,158,acf,0.00925121,217.723,0.975719
pentane,158,plane,0.0282359,223.482,0.94394
pentane,178,acf,0.823315,49.4795,0.0014008
pentane,178,plane,0.916364,13.5725,0.00109029
pentane,188,acf,0.832393,34.3954,0.00238702
pentane,188,plane,0.92776,10.205,0.000497459
pentane,193,acf,0.842352,28.945,0.00115832
pentane,193,plane,0.933217,8.96038,0.000544176
phenol,279,acf,0.845029,280.987,0.0400551
phenol,279,plane,0.86575,266.069,0.0104295
phenol,284,acf,0.855581,218.971,0.0226359
phenol,284,plane,0.864257,202.939,0.00647823
phenol,289,acf,0.869083,170.168,0.00943793
phenol,289,plane,0.873069,143.607,0.0080371
phenol,294,acf,0.866626,142.261,0.00764551
phenol,294,plane,0.876394,118.582,0.00416817
phenol,299,acf,0.868542,116.249,0.00101867
phenol,299,plane,0.875872,95.6595,0.00152656
phenol,304,acf,0.874306,93.1059,0.00279237
phenol,304,plane,0.875955,78.7389,0.00170013
phenol,309,acf,0.872185,79.7447,0.00405561
phenol,309,plane,0.879213,66.5267,0.0019936
phenol,319,acf,0.880641,56.3062,0.000757027
phenol,319,plane,0.884936,47.7169,-0.000616773
phenol,324,acf,0.882664,48.5017,0.00158485
phenol,324,plane,0.888165,40.4116,0.00138395
phenol,329,acf,0.888335,42.025,0.00188221
phenol,329,plane,0.893202,35.3535,-0.000232609
phenol,334,acf,0.892313,35.8348,0.00106215
phenol,334,plane,0.894887,30.6329,-0.000650579
phenol,339,acf,0.893685,31.9642,0.00092773
phenol,339,plane,0.897284,27.0958,0.00023853
phenol,344,acf,0.897666,28.2247,0.00153764
phenol,344,plane,0.901797,24.1391,0.00040632
phenol,349,acf,0.89998,24.95,0.00138481
phenol,349,plane,0.905027,21.2469,0.000687881
phenol,354,acf,0.902945,22.534,0.000528945
phenol,354,plane,0.909326,19.153,0.000366707
phenol,359,acf,0.906018,20.3733,0.000642612
phenol,359,plane,0.910599,17.5092,0.000293329
phenol,364,acf,0.910245,18.4511,0.000373504
phenol,364,plane,0.913077,15.9664,0.000908404
propane,110,acf,0.866305,25.0452,0.00218103
propane,110,plane,0.925427,10.7761,0.000344427
propane,115,acf,0.877987,19.4071,0.000797137
propane,115,plane,0.936157,8.6679,-7.51241e-06
propane,120,acf,0.888701,15.689,8.58562e-05
propane,120,plane,0.942172,7.2942,0.000277956
propane,125,acf,0.900519,12.6052,0.000678657
propane,125,plane,0.949096,6.15375,9.67862e-05
propane,130,acf,0.910627,10.4547,0.000660698
propane,130,plane,0.955737,5.27263,0.000186221
propane,135,acf,0.919259,8.87889,7.24106e-05
propane,135,plane,0.961038,4.59496,7.25766e-05
pyridine,246,acf,0.902019,23.3204,0.000359666
pyridine,246,plane,0.900214,28.3127,0.000319546
pyridine,256,acf,0.913164,17.8266,0.000513634
pyridine,256,plane,0.907228,21.5588,0.000595927
pyridine,261,acf,0.915296,15.8521,0.000435605
pyridine,261,plane,0.909903,18.9277,0.000311492
pyridine,266,acf,0.917617,14.3948,0.00031913
pyridine,266,plane,0.909782,17.1204,0.00107005
pyridine,271,acf,0.923553,12.7999,1.27325e-06
pyridine,271,plane,0.915161,15.112,0.000841114
pyridine,276,acf,0.925773,11.6518,0.00040534
pyridine,276,plane,0.918093,13.783,-0.000344237
succinic_acid,464,acf,0.751893,57.1765,0.00482664
succinic_acid,464,plane,0.742382,22.428,0.00180087
uracil,561,acf,0.0335322,639.471,0.933716
uracil,561,plane,0.060355,1.09825,0.936523
uracil,566,acf,0.0484728,1197.9,0.916322
uracil,566,plane,0.063729,1.09944,0.933003
uracil,571,acf,0.0340273,597.75,0.931616
uracil,571,plane,0.0636898,1.01687,0.933683
uracil,576,acf,0.0398504,564.394,0.92578
uracil,576,plane,0.0195087,436.978,0.924465
uracil,581,acf,0.0570879,1284.09,0.906334
uracil,581,plane,0.0587207,1525.63,0.880791
uracil,586,acf,0.0375629,641.145,0.927672
uracil,586,plane,0.0645469,0.957454,0.933212
uracil,591,acf,0.0338466,713.827,0.931891
uracil,591,plane,0.0598071,0.585397,0.939898
uracil,596,acf,0.0737311,1167.68,0.887436
uracil,596,plane,0.068252,1.35765,0.925716
uracil,601,acf,0.0402799,752.118,0.922999
uracil,601,plane,0.0685148,0.926801,0.929372
uracil,606,acf,0.0598544,726.843,0.903286
uracil,606,plane,0.0257911,575.751,0.914148
uracil,616,acf,0.0610371,742.807,0.900014
uracil,616,plane,0.0298584,667.89,0.907223
uracil,621,acf,0.1014,1341.64,0.857536
uracil,621,plane,0.0338596,962.044,0.901419
uracil,626,acf,0.0507735,748.771,0.909834
uracil,626,plane,0.0313671,855.11,0.904038
uracil,631,acf,0.0637775,857.333,0.895139
uracil,631,plane,0.0485477,1433.88,0.88587
uracil,636,acf,0.0773913,1162.54,0.880718
uracil,636,plane,0.0726095,1.06315,0.923979
uracil,641,acf,0.0650379,677.31,0.892036
uracil,641,plane,0.0295355,547.593,0.903289
uracil,646,acf,0.0262466,1166.08,0.940837
uracil,646,plane,0.060311,0.435841,0.93963
uracil,651,acf,0.0191276,533.391,0.94343
uracil,651,plane,0.0691449,0.591187,0.930503
uracil,656,acf,0.0975736,1279.15,0.858345
uracil,656,plane,0.0371921,694.697,0.894553
uracil,661,acf,0.0717034,683.509,0.886001
uracil,661,plane,0.0743761,1.44681,0.917897
uracil,666,acf,0.144661,689.579,0.796667
uracil,666,plane,0.0722788,572.308,0.846166
uracil,671,acf,0.177533,733.714,0.762351
uracil,671,plane,0.0846941,714.39,0.830806
uracil,676,acf,0.172933,712.286,0.762061
uracil,676,plane,0.0825224,655.062,0.827935
uracil,681,acf,0.131798,702.039,0.806668
uracil,681,plane,0.086967,916.435,0.826831
uracil,686,acf,0.186316,793.545,0.755597
uracil,686,plane,0.114077,1270.81,0.800479
uracil,711,acf,0.16934,599.804,0.760029
uracil,711,plane,0.112108,744.306,0.790977
uracil,731,acf,0.0436466,0.527407,0.956225
uracil,731,plane,0.0696539,0.273142,0.930345
uracil,736,acf,0.0463088,0.802342,0.952787
uracil,736,plane,0.0777436,0.516279,0.922056
uracil,741,acf,0.942991,8.62248,-0.000365321
uracil,741,plane,0.929807,6.39996,6.96281e-05
uracil,746,acf,0.0445864,823.8,0.908759
uracil,746,plane,0.091656,1.18025,0.902624
uracil,751,acf,0.946778,7.96803,0.000310111
uracil,751,plane,0.933392,5.94665,8.73189e-05
uracil,756,acf,0.0252089,349.393,0.9276
uracil,756,plane,0.0915688,0.723064,0.907313
uracil,761,acf,0.948117,7.40916,0.000300177
uracil,761,plane,0.938226,5.46948,0.00028104
uracil,766,acf,0.950052,7.13269,4.74361e-05
uracil,766,plane,0.938957,5.29817,7.53698e-05
uracil,771,acf,0.95113,6.87917,7.4241e-05
uracil,771,plane,0.940067,5.11799,7.29194e-05
uracil,786,acf,0.953661,6.22406,0.000259621
uracil,786,plane,0.945739,4.59158,0.000222322
uracil,811,acf,0.942192,5.87366,0.000861694
uracil,811,plane,0.936676,4.32932,0.000845731
uracil,861,acf,0.960837,4.22508,0.000219899
uracil,861,plane,0.958986,3.10546,0.000319077
cyclopropane,75,acf,0.0153922,0.0465853,0.984608
cyclopropane,75,plane,0.0192438,0.0486694,0.980756
cyclopropane,80,acf,0.0182233,0.049394,0.981777
cyclopropane,80,plane,0.0232848,0.260012,0.976715
cyclopropane,85,acf,0.021213,0.0455717,0.978787
cyclopropane,85,plane,0.0265256,0.0516086,0.973474
cyclopropane,90,acf,0.0308753,0.622376,0.9689
cyclopropane,90,plane,0.0562156,2442.79,0.912016
cyclopropane,95,acf,0.956308,8.39989,0.000220303
cyclopropane,95,plane,0.956406,6.63005,-0.000337153
cyclopropane,100,acf,0.96713,6.45938,4.04452e-05
cyclopropane,100,plane,0.968708,5.14787,6.72851e-05
cyclopropane,105,acf,0.965823,5.82379,0.000127629
cyclopropane,105,plane,0.966499,4.64278,4.59599e-05
cyclopropane,110,acf,0.977102,4.61526,5.15765e-05
cyclopropane,110,plane,0.979672,3.70699,1.5687e-06
cyclopropane,115,acf,0.981127,4.03877,-1.45901e-05
cyclopropane,115,plane,0.982479,3.2741,0.000245662
cyclopropane,120,acf,0.968182,4.42844,0.000107883
cyclopropane,120,plane,0.971268,3.41439,-2.3926e-05
cyclopropane,125,acf,0.972306,3.97027,7.91744e-05
cyclopropane,125,plane,0.975826,3.07085,-2.22191e-05
cyclopropane,130,acf,0.976856,3.47041,1.70278e-05
cyclopropane,130,plane,0.979693,2.69868,0.000170583
cyclopropane,135,acf,0.980784,3.08977,0.000174497
cyclopropane,135,plane,0.98321,2.42337,8.53089e-05
cyclopropane,140,acf,0.983833,2.77048,9.45624e-05
cyclopropane,140,plane,0.98631,2.18294,1.16092e-05
cyclopropane,145,acf,0.986494,2.50728,0.000147739
cyclopropane,145,plane,0.988933,1.97994,2.63424e-05
cyclopropane,150,acf,0.988598,2.28655,-2.21742e-05
cyclopropane,150,plane,0.990757,1.8123,-3.46289e-05
cyclopropane,155,acf,0.990447,2.08896,2.84717e-05
cyclopropane,155,plane,0.992345,1.66522,-4.63493e-05
cyclopropane,160,acf,0.992142,1.91533,3.22175e-05
cyclopropane,160,plane,0.993851,1.53329,7.21426e-05
cyclopropane,165,acf,0.993599,1.7735,8.39128e-05
cyclopropane,165,plane,0.995044,1.42378,7.80753e-05
cyclopropane,170,acf,0.994976,1.64263,-1.25968e-05
cyclopropane,170,plane,0.995955,1.32627,-7.23102e-06
cyclopropane,180,acf,0.99656,1.42811,6.48835e-05
cyclopropane,180,plane,0.997587,1.15877,3.12999e-05
cyclopropane,185,acf,0.997346,1.32235,6.05186e-05
cyclopropane,185,plane,0.997967,1.08008,5.16313e-05
cyclopropane,190,acf,0.99771,1.24909,-4.20167e-05
cyclopropane,190,plane,0.998548,1.01941,4.27869e-05
cyclopropane,195,acf,0.998133,1.18595,1.08768e-05
cyclopropane,195,plane,0.998588,0.975332,1.48445e-05
cyclopropane,200,acf,0.99853,1.11212,2.15816e-05
cyclopropane,200,plane,0.998798,0.918653,4.68322e-05
cyclopropane,205,acf,0.998748,1.03905,-3.1326e-06
cyclopropane,205,plane,0.999135,0.862067,-2.85448e-05
cyclopropane,210,acf,0.999112,0.988232,-7.18969e-06
cyclopropane,210,plane,0.999231,0.824078,3.48454e-05
cyclopropane,215,acf,0.999161,0.927535,2.92368e-05
cyclopropane,215,plane,0.999415,0.776518,6.71291e-05
cyclopropane,220,acf,0.999324,0.888488,1.20802e-05
cyclopropane,220,plane,0.999494,0.747763,2.87171e-05
cyclopropane,225,acf,0.999455,0.838511,-1.43785e-05
cyclopropane,225,plane,0.999624,0.709519,3.68547e-05
